ID1,ID2,type,connection
872,699,phone,vhFryEpRTqcI@domain.com
172,994,IP,1
235,42,IP,7
143,252,phone,opqlFsjVKDUx@domain.com
526,366,IP,4
950,627,IP,2
395,278,email,203.105.203
238,506,email,159.167.156
629,546,email,135.206.210
776,91,phone,nfjQpqfhuihP@domain.com
870,398,IP,6
448,48,email,186.68.77
65,963,IP,10
440,7,phone,gdrzpgAWgJvB@domain.com
784,884,phone,fMgRWtiwmokS@domain.com
530,650,email,55.23.51
383,804,phone,jwhiloTUSejJ@domain.com
899,620,IP,7
502,97,email,105.220.55
707,247,phone,QOtvaaddoMTy@domain.com
301,439,phone,iLHSblYtwOyp@domain.com
744,930,email,234.118.233
364,962,email,169.103.193
319,23,phone,msBJjPcYshIV@domain.com
534,373,IP,9
341,72,phone,uDVzgxaDuDbI@domain.com
614,649,email,145.227.234
441,368,phone,hKXDUyHOwNuA@domain.com
672,726,IP,9
869,781,IP,5
361,956,IP,2
235,747,phone,gULUNfIklNtv@domain.com
484,621,email,222.170.226
494,499,IP,6
194,817,phone,IRGiTLhyLTOn@domain.com
478,347,email,194.247.2
588,950,IP,8
687,409,phone,MgudYCFTrHPn@domain.com
735,692,phone,OpGtqsXuMxck@domain.com
386,455,phone,YWsKKPVOoaAe@domain.com
84,2,IP,5
542,695,IP,9
134,333,IP,3
169,246,phone,tikwzaAbrVUn@domain.com
507,376,phone,VbCWCcYyspwH@domain.com
958,696,email,47.105.170
788,328,IP,7
984,105,phone,yXfdULSADHul@domain.com
226,691,phone,IxyirfRrBxGf@domain.com
180,174,IP,3
36,197,phone,ucOaxnSsvINQ@domain.com
482,644,IP,10
831,209,email,177.233.221
511,507,phone,WcMyOqFDCbTd@domain.com
905,677,IP,9
801,26,email,106.64.30
148,504,email,179.13.3
550,655,email,91.183.82
195,413,IP,3
689,384,email,143.125.168
962,700,email,200.13.245
454,559,email,13.194.106
630,444,phone,lKHWdWnFlQvM@domain.com
950,368,IP,2
289,422,IP,2
413,616,email,154.197.138
933,649,IP,2
634,482,email,52.31.36
850,192,phone,WTMJwSTNzHhc@domain.com
428,174,phone,ubDsGGLWpKWK@domain.com
506,890,email,133.100.240
427,211,IP,3
849,476,phone,olqDUGtOuxQl@domain.com
405,622,phone,iqJVIoEWBfcI@domain.com
349,659,email,29.2.31
200,381,phone,isqxsDzCIRyt@domain.com
0,757,phone,zPhwCkbmJdNb@domain.com
863,579,IP,4
143,414,IP,5
121,657,IP,10
782,204,phone,SioRMorqueGB@domain.com
634,337,IP,7
470,358,phone,tPFGgczWWnOV@domain.com
985,470,IP,5
930,824,email,145.142.175
745,675,IP,7
36,837,phone,ucOaxnSsvINQ@domain.com
45,561,email,88.211.73
815,772,phone,pNutrvapdQNm@domain.com
880,885,email,59.81.109
741,324,IP,5
196,934,email,2.72.33
145,693,phone,VkANECESPGbk@domain.com
504,788,phone,WNZPewPiYXst@domain.com
640,777,IP,4
905,33,phone,rrLOxpOUuHQT@domain.com
956,966,phone,OnKJLoMAKDQW@domain.com
974,680,phone,HzijcKaBaOHu@domain.com
415,382,IP,8
704,874,email,83.119.216
641,897,phone,PahBFyLWMrJH@domain.com
669,933,email,24.219.229
0,248,email,247.248.91
668,838,IP,4
620,241,phone,wAdzokwAMLDh@domain.com
72,806,email,106.222.157
563,774,email,164.144.207
67,143,phone,VcmvjiGzyYFQ@domain.com
16,963,email,58.237.242
764,732,phone,nMHuNidlNApS@domain.com
507,500,email,25.249.87
793,930,email,49.28.183
765,179,IP,6
438,844,phone,kFvrknCrkDKr@domain.com
564,142,email,188.138.225
5,130,phone,uqRInWuEwYpm@domain.com
443,10,email,102.14.225
44,130,phone,uCxZSPEGWHDw@domain.com
604,312,email,124.83.247
535,675,IP,4
436,445,IP,3
362,142,phone,HMRQHfQBweQq@domain.com
535,17,IP,4
623,635,phone,AbsDoJUoZDNf@domain.com
61,172,phone,qEZDFajJBUEN@domain.com
483,37,IP,10
724,372,phone,ltHnluGagMAU@domain.com
976,474,IP,8
191,128,IP,2
900,503,phone,LHfqgjTqbdFI@domain.com
563,61,IP,2
838,599,IP,4
240,348,email,86.119.127
152,888,phone,MbPMMelvkWaG@domain.com
993,380,email,62.190.114
636,439,phone,PdamcfYKoQgf@domain.com
687,566,IP,5
799,334,IP,3
451,634,IP,5
428,364,email,231.108.219
67,764,IP,9
52,635,email,172.209.151
272,395,IP,6
754,55,phone,UHluKJXcVUYr@domain.com
702,385,IP,2
368,955,phone,wWLYNOxhzvdE@domain.com
661,287,phone,DaNBcPnTnrjY@domain.com
301,293,phone,iLHSblYtwOyp@domain.com
140,173,IP,7
431,702,phone,DFQPAvKoZzQn@domain.com
659,214,IP,3
571,643,phone,DckvkZcuATPm@domain.com
971,501,IP,2
403,517,email,57.189.147
956,830,IP,6
425,473,phone,JGkDoAQJqVuX@domain.com
681,92,phone,BydcBIPQoaMZ@domain.com
269,447,phone,StNEMxnshLDy@domain.com
855,34,IP,3
3,750,email,115.62.115
166,426,email,49.3.4
517,821,email,194.90.108
476,537,email,76.183.124
811,547,email,113.211.82
335,380,email,213.151.38
877,486,email,119.1.51
794,660,email,238.208.33
258,181,email,234.169.169
516,678,email,194.249.184
114,672,phone,SApaPVLrSGIH@domain.com
349,202,email,29.2.31
645,573,phone,kFUWlJYupBUc@domain.com
214,572,phone,nGgZRiReuwAJ@domain.com
942,489,email,9.87.163
706,437,phone,FyMFEarIzCgi@domain.com
502,706,email,105.220.55
358,92,IP,4
718,901,phone,XfoRstlormtD@domain.com
678,696,phone,clUlJqvQplVp@domain.com
450,904,IP,5
89,775,IP,2
827,805,IP,2
92,79,IP,3
302,378,email,232.198.38
469,332,IP,4
613,486,IP,7
78,378,email,128.203.142
119,355,phone,SmOSVBvlmNlu@domain.com
315,138,phone,WeeLfQQxmZqh@domain.com
629,53,phone,aHacVpZzEeIm@domain.com
751,900,IP,1
716,473,IP,9
981,782,phone,RxlUittGjSUq@domain.com
338,193,IP,8
966,384,email,247.170.193
113,789,email,150.191.147
190,274,email,1.187.221
593,243,email,169.128.240
100,917,phone,KMomPexBFfls@domain.com
788,822,email,216.212.239
470,69,IP,7
195,418,email,90.38.20
10,344,IP,8
822,757,phone,moFTOrPURmIX@domain.com
325,714,IP,3
523,427,email,124.60.222
987,243,email,12.215.225
742,813,IP,6
542,466,email,222.184.217
308,203,email,32.23.99
754,390,phone,UHluKJXcVUYr@domain.com
444,536,IP,6
959,744,phone,dkuIOkDwXlzC@domain.com
904,823,email,4.246.113
118,997,email,183.156.59
762,738,email,182.207.166
401,561,phone,EaqpzCEpqSzj@domain.com
465,883,IP,7
82,219,IP,9
926,399,IP,2
41,584,phone,wQcAmJRxGCaD@domain.com
990,647,IP,8
380,179,IP,1
198,544,phone,pTAmXPWKdIXk@domain.com
45,486,email,88.211.73
523,135,email,124.60.222
997,996,IP,1
267,824,IP,1
811,627,IP,6
244,973,IP,8
977,673,phone,XaqLFvhAPkUy@domain.com
213,177,phone,yffeKhhwwAhC@domain.com
443,411,IP,9
212,501,phone,McZMwkFZKzKY@domain.com
576,347,email,231.52.52
821,777,email,155.10.105
17,177,IP,1
87,982,email,175.45.115
20,66,phone,jpOiJhCpKoHk@domain.com
27,791,phone,fRlpKDOwbzJs@domain.com
650,104,IP,8
852,43,IP,2
236,914,phone,MgReXFzobLqJ@domain.com
290,541,IP,9
111,558,email,7.127.115
388,80,IP,10
307,469,IP,4
971,613,IP,2
73,422,IP,7
143,535,IP,5
469,758,email,83.31.19
690,175,phone,ocXlMUmeRrQw@domain.com
876,526,phone,FbuaFOtYWPek@domain.com
190,309,IP,2
54,463,email,240.82.152
834,124,phone,pOkEmEmIGMkN@domain.com
347,947,email,64.189.48
191,425,email,88.3.26
567,105,IP,7
21,379,phone,VdzOnKpmlQul@domain.com
55,171,email,27.202.169
495,131,IP,2
135,909,phone,asSsHqAJkdKf@domain.com
20,734,IP,6
458,938,IP,9
638,343,email,136.88.8
487,396,IP,4
625,271,IP,1
813,175,phone,MUjJNXpHaFOl@domain.com
773,997,email,52.242.245
77,553,phone,bcQKROmXGKiF@domain.com
394,447,email,58.34.26
509,202,email,166.174.144
250,80,phone,YgFOnymmYDQU@domain.com
338,16,phone,BGIjkpfdWXaE@domain.com
944,37,email,125.173.161
21,336,IP,6
316,800,phone,TheEOhLyVyau@domain.com
526,848,phone,RRLmKMrmUxaO@domain.com
355,18,IP,3
771,526,IP,5
24,866,phone,aQtypJzCspRn@domain.com
40,519,email,2.64.62
748,470,email,253.84.52
341,482,email,56.103.205
164,141,phone,tyQFcPJnjsgl@domain.com
53,773,phone,igmTiLzTzCAN@domain.com
239,233,email,120.99.182
541,629,email,239.94.97
357,464,IP,10
600,483,email,249.72.150
517,176,email,194.90.108
519,872,phone,xAffIYKiaQIe@domain.com
243,965,email,48.147.58
218,232,phone,GlsPIzLlgaEn@domain.com
611,10,phone,dvnRSfvmgUgJ@domain.com
54,148,phone,QgxAYCiVcnXf@domain.com
495,28,IP,2
795,563,email,135.11.75
705,107,email,49.164.224
934,39,IP,4
551,484,phone,YEBWlCGatwRi@domain.com
312,798,phone,mTKRKrfJMzEL@domain.com
913,882,email,122.233.89
126,686,email,89.126.136
502,637,email,105.220.55
731,346,phone,UZpMXEiptThl@domain.com
883,627,email,210.2.43
8,178,IP,2
782,424,email,231.68.236
936,490,phone,nkvedlYjlIFo@domain.com
82,447,email,212.188.136
694,884,phone,MePItsnAwBAo@domain.com
583,408,email,255.130.255
45,60,email,88.211.73
903,566,IP,10
919,762,email,196.28.41
38,946,phone,BtdioHzAqgGU@domain.com
728,93,phone,LDbXaYPonpIt@domain.com
492,419,email,206.84.203
423,673,phone,FoOVAKNEZfqC@domain.com
607,609,phone,aOmIUCmJDRln@domain.com
550,193,phone,CmHUzgioSPIg@domain.com
579,192,phone,FtFWlyCHFDHl@domain.com
903,237,phone,QRCtrvWIBmiI@domain.com
822,457,email,56.21.169
842,139,phone,eNQtgXGxGRdk@domain.com
82,312,IP,9
816,996,email,170.113.77
742,922,phone,NHDuRnbwaFQv@domain.com
529,56,email,61.19.186
185,956,IP,8
962,378,email,200.13.245
945,618,IP,2
298,151,email,66.12.118
788,402,email,216.212.239
523,671,phone,bewFChHfMrpE@domain.com
501,449,phone,uZEiZWsVSSKS@domain.com
262,437,phone,CjjaCydmEfyE@domain.com
564,990,email,188.138.225
122,148,email,21.173.179
360,303,phone,DBhyOFKkkFDw@domain.com
264,984,phone,lzmrPySZNfgN@domain.com
665,421,IP,8
781,368,phone,HjjrnWVLCEyN@domain.com
966,989,IP,7
609,554,phone,mVSYOWJkPEsv@domain.com
694,283,email,207.76.106
956,722,phone,OnKJLoMAKDQW@domain.com
593,288,phone,zoDjtnIpNMOS@domain.com
790,187,phone,CAIuQSHHMwNZ@domain.com
11,542,email,73.49.114
116,706,IP,10
728,946,email,218.232.223
14,588,IP,5
57,76,phone,NgzvMNUPFdUT@domain.com
131,781,phone,OrUBUfEhYCqn@domain.com
178,863,phone,TTTAZphCthaD@domain.com
973,389,phone,HbLxQJkCKSYt@domain.com
635,9,email,108.214.0
312,854,IP,3
236,335,phone,MgReXFzobLqJ@domain.com
511,600,email,229.51.87
833,231,email,138.202.119
966,394,phone,AZhlNhFqjiDf@domain.com
623,312,IP,3
786,668,email,175.49.230
29,266,phone,WeqUbVTVrnaM@domain.com
14,600,phone,XWdaualpShbR@domain.com
648,772,IP,10
484,403,email,222.170.226
195,274,phone,tZlYSKJkyoZD@domain.com
339,396,email,27.69.217
911,50,IP,2
558,597,email,147.53.10
98,329,phone,NoqUIrPCKfVM@domain.com
206,121,phone,sagyLRupdzqg@domain.com
48,352,email,76.89.66
632,991,phone,HtxCrNvgldOn@domain.com
790,493,email,144.203.216
285,35,IP,5
460,648,email,230.172.232
733,74,phone,iwgTvjIefTMP@domain.com
729,389,phone,gVnkMSTkfjoe@domain.com
70,443,phone,DDBvHkTcmXJi@domain.com
135,696,email,106.227.113
725,632,phone,wzwjqjqtqPDn@domain.com
471,98,IP,10
334,609,email,7.57.255
666,86,email,117.192.91
14,100,email,174.178.126
602,414,phone,xVrexoxHfbaa@domain.com
730,352,email,50.175.65
887,514,IP,10
802,337,IP,10
180,469,phone,zbbHdVCCjiZk@domain.com
91,986,IP,1
888,720,email,70.155.235
800,935,IP,1
232,168,email,107.221.6
519,805,IP,10
108,325,IP,5
888,912,phone,MNGWWsiAtvXZ@domain.com
798,839,phone,VZKUPWTPdkgX@domain.com
301,951,email,244.227.246
898,769,phone,toEXGTUSRMKK@domain.com
536,147,phone,OECSFXcZbIFd@domain.com
624,879,IP,7
314,703,IP,6
631,793,email,178.59.59
651,543,IP,7
526,662,email,29.115.222
27,523,phone,fRlpKDOwbzJs@domain.com
446,724,email,233.195.143
867,481,IP,4
240,918,email,86.119.127
854,330,phone,ZwUpBgMPTzSJ@domain.com
997,138,IP,1
417,649,phone,bIgHCffFBSIH@domain.com
740,769,email,136.168.26
68,362,phone,iwluksYQZsxO@domain.com
818,313,phone,mwoULqwTopDn@domain.com
268,608,email,140.250.98
813,266,phone,MUjJNXpHaFOl@domain.com
776,28,email,242.76.169
185,368,IP,8
882,657,email,108.206.66
321,172,phone,fmcKQfoaIEvu@domain.com
883,448,IP,3
504,96,IP,5
68,176,phone,iwluksYQZsxO@domain.com
4,184,IP,7
359,925,IP,7
5,590,IP,6
200,80,email,252.33.185
896,105,phone,JerObYNnEYdq@domain.com
36,287,IP,7
467,633,phone,OMdQGakAyFcm@domain.com
678,674,email,45.178.153
139,831,email,142.204.99
772,454,email,236.139.239
532,639,email,84.140.38
215,768,IP,10
451,243,email,221.80.116
38,367,email,174.22.188
861,638,phone,ApgovQOcSFTu@domain.com
318,966,email,178.247.158
798,984,IP,10
963,847,email,212.43.79
966,881,email,247.170.193
244,207,email,86.222.10
633,109,IP,7
102,469,IP,1
332,881,phone,CYOJMrGJyfkY@domain.com
497,203,phone,xmeGLFSlYdEP@domain.com
561,868,phone,GZymBHYBLdsr@domain.com
15,327,IP,1
968,713,phone,ECqeOGJPsmYT@domain.com
24,933,IP,2
525,667,phone,WTvNvidBHxDs@domain.com
520,27,phone,xtwqSchRyoVO@domain.com
448,34,phone,klGaCEmpDfiW@domain.com
658,586,phone,CkAymzgfrEbH@domain.com
895,625,phone,mandtFqmhjVM@domain.com
130,474,IP,5
814,793,email,88.171.7
646,648,phone,SwsALyQwWQFo@domain.com
201,725,email,110.212.213
744,554,IP,1
967,224,phone,zkXRQMyZwjuC@domain.com
595,762,email,97.112.128
542,754,phone,oVKVZxVlmXSu@domain.com
79,689,phone,BDLboxQyzTaN@domain.com
41,690,phone,wQcAmJRxGCaD@domain.com
498,334,email,81.202.0
277,242,IP,7
67,99,email,109.4.139
936,846,phone,nkvedlYjlIFo@domain.com
197,856,email,29.205.84
267,162,email,234.205.234
200,874,phone,isqxsDzCIRyt@domain.com
540,523,IP,10
117,807,email,21.92.23
547,10,IP,3
490,478,phone,jLNprwuvzDWW@domain.com
841,1,IP,3
284,903,phone,zatRgeXWQvlU@domain.com
703,765,email,19.115.253
194,979,IP,1
263,170,phone,wSRPTsCopAAy@domain.com
736,358,email,16.224.196
122,713,IP,10
140,337,IP,7
614,967,phone,TPVKkLeQqJXB@domain.com
422,607,email,172.150.86
753,792,email,34.57.5
375,955,email,116.232.105
914,521,phone,aGuagwNqNRKX@domain.com
106,853,email,117.221.64
411,771,phone,DLPJUjzUtJBR@domain.com
796,680,phone,dkQlYrCdIgmn@domain.com
395,928,phone,TAmNwDInBnES@domain.com
726,390,IP,2
202,590,phone,ugUEwWlJMeuD@domain.com
514,856,phone,heRsKtZHQPhf@domain.com
672,486,phone,iFXaVqtdhifH@domain.com
645,247,IP,7
229,557,email,216.144.142
359,783,IP,7
621,231,IP,2
872,107,IP,7
735,889,phone,OpGtqsXuMxck@domain.com
895,371,IP,9
59,99,IP,10
980,367,email,58.35.123
736,472,IP,1
253,631,email,226.247.31
110,845,phone,iKokSOBiDaEL@domain.com
25,451,email,197.244.0
575,317,phone,mddAojlyktXe@domain.com
662,553,phone,YwGDJONfZDTU@domain.com
70,385,email,47.46.146
740,338,email,136.168.26
807,895,phone,BkyisIRyAYfu@domain.com
385,586,phone,nlvDWVgEeZgm@domain.com
28,387,IP,7
724,657,IP,8
744,475,email,234.118.233
845,392,IP,8
898,224,phone,toEXGTUSRMKK@domain.com
992,718,IP,8
371,16,email,45.206.3
431,824,phone,DFQPAvKoZzQn@domain.com
118,887,phone,EEvYpphSqjAs@domain.com
558,471,phone,jjvcSqJaUvIA@domain.com
847,245,IP,6
758,691,IP,8
236,630,email,104.53.225
544,776,phone,DpPIoVbDhnPV@domain.com
156,896,phone,qbnkHAfmnBuf@domain.com
971,684,email,123.96.134
930,470,phone,GLEQkunRcYWh@domain.com
504,791,phone,WNZPewPiYXst@domain.com
301,906,phone,iLHSblYtwOyp@domain.com
876,513,email,111.79.251
28,451,phone,ZPIriVYFVuaz@domain.com
956,458,phone,OnKJLoMAKDQW@domain.com
884,197,phone,oLEETtingnmm@domain.com
81,928,IP,7
599,941,email,190.90.74
662,914,phone,YwGDJONfZDTU@domain.com
594,336,phone,BQifYODFrrNV@domain.com
377,965,IP,10
127,348,email,14.128.44
897,135,email,221.48.178
59,473,IP,10
157,859,IP,5
855,7,email,205.60.192
510,80,email,10.56.97
747,545,phone,UnOrbMCYpyJt@domain.com
65,774,email,245.231.28
592,905,IP,10
542,231,phone,oVKVZxVlmXSu@domain.com
994,181,IP,6
629,475,IP,6
72,62,phone,EJzSjEkAdfCX@domain.com
82,825,phone,aOFqMGGyJDCa@domain.com
39,266,phone,TDctQXkZJRfu@domain.com
496,894,IP,1
232,462,email,107.221.6
37,24,IP,5
385,223,email,103.82.185
458,497,email,173.175.176
585,271,email,65.74.154
352,357,phone,QgSnwXAYZFNU@domain.com
671,346,phone,kEBlerHZNVhq@domain.com
936,932,IP,2
910,227,email,55.39.101
876,594,IP,4
117,248,phone,xMzONmJSorkp@domain.com
851,11,email,233.94.187
582,885,IP,8
798,501,IP,10
768,784,IP,8
944,348,email,125.173.161
402,990,phone,nFbVBSLrNnAL@domain.com
767,647,IP,8
646,161,IP,7
664,357,IP,6
694,466,phone,MePItsnAwBAo@domain.com
461,736,email,214.80.26
410,819,phone,gJzlYGlaGMos@domain.com
921,95,IP,9
596,446,phone,lCXLwPUycQgu@domain.com
323,483,IP,3
29,74,phone,WeqUbVTVrnaM@domain.com
67,437,email,109.4.139
357,724,phone,jQrKEVkducZr@domain.com
674,509,email,43.212.235
233,465,IP,7
933,89,phone,njMwUYNMhHxP@domain.com
911,580,phone,HzuXfLGbWKLW@domain.com
658,138,phone,CkAymzgfrEbH@domain.com
784,481,IP,6
981,657,phone,RxlUittGjSUq@domain.com
639,586,IP,1
781,342,phone,HjjrnWVLCEyN@domain.com
733,744,IP,3
919,897,IP,6
675,886,phone,npCAGOpfURAc@domain.com
507,435,phone,VbCWCcYyspwH@domain.com
206,255,email,157.117.104
76,397,email,22.198.14
543,58,IP,5
285,337,phone,PhdRqxKhUwCD@domain.com
516,859,IP,1
84,875,IP,5
678,43,email,45.178.153
14,545,IP,5
239,924,phone,KCrpBeWlxOcL@domain.com
789,785,IP,10
654,727,email,15.50.2
845,952,phone,ICMcSdWvgIou@domain.com
547,662,IP,3
164,152,email,189.15.77
540,560,phone,ESkbhUXGSPJT@domain.com
825,7,phone,juTMHsKuWUmd@domain.com
746,71,phone,UtNlxvcmdybF@domain.com
794,214,email,238.208.33
165,894,phone,bJWNicWcuDFp@domain.com
360,790,phone,DBhyOFKkkFDw@domain.com
947,832,IP,7
623,705,email,149.10.73
133,367,phone,YNTHkXtgpxCB@domain.com
793,68,IP,8
99,397,phone,kymyybGHyQiT@domain.com
623,25,phone,AbsDoJUoZDNf@domain.com
44,395,email,99.133.40
904,875,phone,sGcLoZyxJFmf@domain.com
994,979,IP,6
446,594,email,233.195.143
427,74,email,63.70.96
144,902,IP,5
973,432,IP,6
482,363,IP,10
627,62,email,108.180.149
170,488,phone,SZQFeAlpNoMI@domain.com
533,295,IP,7
897,81,IP,7
562,915,phone,MqeuUVryvGda@domain.com
947,906,email,87.25.73
91,958,email,54.212.76
168,873,phone,xhUWPryWswef@domain.com
289,65,IP,2
196,842,phone,eWZIDEaikEBz@domain.com
780,726,phone,DbgaxKVCfpTW@domain.com
964,613,IP,9
777,466,email,45.169.238
950,679,phone,VrSjAcbeopVz@domain.com
644,748,phone,bYneohhGIlCK@domain.com
118,915,email,183.156.59
5,648,email,189.156.248
154,699,phone,LvODqDlrLuDG@domain.com
935,395,email,170.195.95
224,225,phone,JcYcGajHsXPL@domain.com
387,919,email,88.156.206
202,847,phone,ugUEwWlJMeuD@domain.com
366,305,IP,1
116,917,phone,GxxLeixcjKrO@domain.com
967,754,IP,8
631,517,IP,9
249,85,email,117.106.107
618,59,phone,LSgbXRkdDiwH@domain.com
38,954,email,174.22.188
415,410,IP,8
204,264,email,108.3.161
738,423,IP,10
69,247,phone,iNBPGiRRyMuE@domain.com
297,208,phone,woggbYJRbjtP@domain.com
146,103,phone,NBWkNdbKNhjg@domain.com
350,139,email,106.150.41
287,895,phone,pRoMAikFDQwK@domain.com
95,900,email,74.243.112
192,236,email,122.30.64
991,922,email,51.138.24
166,870,email,49.3.4
58,959,phone,FAVPjgEGCFnt@domain.com
449,785,email,22.204.118
989,113,IP,6
101,109,IP,4
29,169,IP,6
462,340,IP,5
711,103,email,182.176.181
410,753,phone,gJzlYGlaGMos@domain.com
340,262,phone,TWWrfFSmNTcS@domain.com
732,922,IP,5
530,109,phone,XHSnzYMCcshR@domain.com
780,643,IP,2
88,77,email,206.161.106
923,434,IP,1
325,886,email,116.134.237
709,220,phone,fuOqQZLXAknN@domain.com
944,850,phone,uRQCCKQwhnZA@domain.com
838,427,email,122.217.20
608,176,IP,6
108,219,phone,CchjxXLkJDzE@domain.com
821,435,email,155.10.105
552,509,phone,vrCmAtERgCay@domain.com
219,693,phone,ybgIYFNATyZJ@domain.com
262,660,phone,CjjaCydmEfyE@domain.com
120,229,IP,3
368,502,IP,10
201,303,phone,PSHWltjGPYeH@domain.com
976,529,phone,YJrtZCCXOwKb@domain.com
869,579,IP,5
440,147,phone,gdrzpgAWgJvB@domain.com
26,513,email,116.172.45
781,67,email,114.205.228
872,638,phone,vhFryEpRTqcI@domain.com
269,235,IP,9
780,437,phone,DbgaxKVCfpTW@domain.com
843,275,phone,UOGQxivEWplG@domain.com
362,905,IP,4
892,21,phone,mTqlIRjJlvtc@domain.com
34,266,phone,vXdCTeYjgCKs@domain.com
339,580,email,27.69.217
808,461,email,127.68.83
365,608,IP,6
477,588,email,98.93.119
786,816,phone,AsyNNPNumwdf@domain.com
716,171,email,66.23.57
419,806,email,237.120.165
177,264,email,40.137.15
97,203,IP,9
464,615,phone,kKNPIxfhVUgq@domain.com
200,921,email,252.33.185
542,234,email,222.184.217
702,226,IP,2
331,322,email,204.12.47
636,304,phone,PdamcfYKoQgf@domain.com
282,329,email,224.175.39
709,441,IP,7
954,986,phone,bWsOqPNKCFCc@domain.com
74,443,phone,EtZTKrfhqPcv@domain.com
341,628,phone,uDVzgxaDuDbI@domain.com
429,912,email,95.179.101
22,762,email,174.56.37
18,689,IP,4
537,514,phone,tLbufCpZeMsn@domain.com
568,103,IP,7
601,755,email,57.135.192
951,21,email,222.150.203
18,388,phone,jAYMlOqsZidV@domain.com
778,575,IP,2
661,83,IP,2
436,906,phone,eYqoOUrvfgEL@domain.com
131,918,IP,7
1,315,phone,hfzTLAVYFFiL@domain.com
70,855,phone,DDBvHkTcmXJi@domain.com
172,545,IP,1
922,647,IP,5
380,294,IP,1
94,471,phone,nZpcUMSMsaLn@domain.com
942,422,IP,6
63,872,IP,6
686,244,email,145.74.45
300,676,IP,1
14,603,phone,XWdaualpShbR@domain.com
388,729,IP,10
810,114,email,21.136.80
197,356,email,29.205.84
858,426,IP,10
223,875,email,82.44.83
330,519,email,177.174.201
61,72,phone,qEZDFajJBUEN@domain.com
310,48,email,2.173.125
183,109,email,220.65.187
631,206,IP,9
996,942,phone,QTkczpqzXvqn@domain.com
937,297,phone,uWpNdyVhDNKO@domain.com
502,223,email,105.220.55
788,340,phone,LoNYiFbHCKqU@domain.com
385,850,IP,3
807,230,IP,9
739,519,IP,3
966,65,IP,7
477,327,email,98.93.119
830,107,phone,VJZGBsJbEoak@domain.com
639,767,IP,1
926,246,email,173.38.63
903,486,phone,QRCtrvWIBmiI@domain.com
756,168,phone,nNQRUTiicKlg@domain.com
696,118,phone,AitXCROusbMI@domain.com
227,35,email,26.120.205
936,883,email,108.124.82
850,23,IP,2
74,91,email,26.170.231
339,515,IP,10
879,156,IP,10
62,49,phone,FUTEFOOBSxGS@domain.com
602,22,IP,5
746,986,phone,UtNlxvcmdybF@domain.com
503,835,phone,TyANngvVbeQt@domain.com
616,994,IP,7
306,10,phone,rGdFsrwXwpEL@domain.com
562,93,phone,MqeuUVryvGda@domain.com
346,675,email,249.210.232
848,591,phone,jlgmWwjJKOgf@domain.com
674,343,IP,1
502,618,email,105.220.55
517,562,phone,ROhcKzeFAMAA@domain.com
351,680,email,236.199.104
650,839,IP,8
881,211,email,44.218.6
617,244,email,129.31.120
843,747,email,193.84.111
976,617,email,228.41.18
780,712,IP,2
849,477,phone,olqDUGtOuxQl@domain.com
451,794,phone,fBTfeKbYxWUq@domain.com
633,612,phone,VysTpORvuzan@domain.com
940,818,IP,2
704,708,email,83.119.216
20,740,email,229.39.238
71,311,IP,2
697,548,IP,8
341,256,email,56.103.205
42,207,IP,7
421,550,phone,kvOPNQbNMcpg@domain.com
624,26,email,93.203.85
901,946,phone,eRgnZWgfhGpR@domain.com
324,162,email,228.198.46
581,622,IP,8
662,909,IP,2
798,965,phone,VZKUPWTPdkgX@domain.com
620,417,IP,9
847,146,IP,6
821,466,phone,DcJToNQNqjSx@domain.com
662,765,email,147.10.74
797,888,phone,aPrHyqSrZnDA@domain.com
292,82,IP,7
166,382,phone,ToEyDggUWQSB@domain.com
802,711,email,45.52.131
181,625,IP,6
328,579,email,27.195.2
901,496,IP,3
401,560,phone,EaqpzCEpqSzj@domain.com
896,804,IP,3
824,696,phone,hnrCblEYlMkA@domain.com
675,90,email,209.46.195
730,236,IP,9
267,515,IP,1
881,140,IP,7
855,519,email,205.60.192
484,336,IP,6
363,893,email,135.146.231
109,236,email,191.172.179
915,79,IP,7
215,704,phone,WvgUUPLdXKLU@domain.com
323,59,IP,3
40,709,phone,cMGPeGVjjUSf@domain.com
521,934,email,135.176.115
527,560,IP,5
593,713,phone,zoDjtnIpNMOS@domain.com
335,324,phone,eKJsLtMqlAmb@domain.com
166,761,phone,ToEyDggUWQSB@domain.com
149,126,phone,dYXbpauZhHhb@domain.com
449,699,phone,ojMlmvfQiSCx@domain.com
420,110,IP,10
93,275,phone,raBjVjMcwunI@domain.com
138,355,IP,5
447,710,IP,2
314,179,email,220.120.170
19,714,IP,10
270,392,IP,6
501,412,IP,4
769,342,IP,7
946,800,email,93.178.176
902,481,email,100.92.240
902,643,phone,jJhkpCIrrzhL@domain.com
865,220,email,32.212.229
80,457,IP,2
719,781,IP,7
355,316,phone,ujRCVlZnDXPJ@domain.com
890,170,phone,OTwEbDBihzEH@domain.com
681,717,email,225.57.184
144,140,IP,5
842,125,email,204.106.44
925,248,IP,8
743,491,IP,4
304,812,phone,IQJXvqJLuahn@domain.com
357,215,email,24.154.105
567,608,IP,7
859,705,phone,nRjqEygtMoHi@domain.com
61,271,IP,3
404,252,IP,9
772,882,IP,1
777,517,IP,8
527,423,phone,harhOkfFaVWa@domain.com
329,996,phone,fPtLSXRfKoDT@domain.com
198,502,email,2.78.126
175,343,email,195.10.193
125,207,email,54.146.123
702,910,IP,2
753,890,IP,4
971,783,IP,2
402,700,email,194.14.18
724,416,IP,8
321,168,IP,8
796,458,phone,dkQlYrCdIgmn@domain.com
742,143,email,20.149.191
640,370,email,228.115.196
839,794,IP,8
481,895,IP,2
391,848,email,206.25.127
82,513,phone,aOFqMGGyJDCa@domain.com
399,643,phone,GxuzolwWriLA@domain.com
958,123,email,47.105.170
11,489,phone,juMvyNxOaPkS@domain.com
593,758,IP,2
627,110,email,108.180.149
510,826,phone,uJdqPsqnpvGi@domain.com
275,418,phone,gxNNffEaBufT@domain.com
692,602,email,223.51.74
786,902,phone,AsyNNPNumwdf@domain.com
701,599,IP,7
661,270,IP,2
323,2,email,157.117.126
244,618,email,86.222.10
960,235,phone,huVvsriVWKYT@domain.com
315,680,IP,4
729,742,IP,2
525,880,phone,WTvNvidBHxDs@domain.com
504,330,email,104.159.20
20,352,email,229.39.238
626,383,phone,KnyRzKKoJaUi@domain.com
231,584,phone,pRdKWZOAmNpz@domain.com
185,464,IP,8
260,666,IP,7
754,135,phone,UHluKJXcVUYr@domain.com
972,567,phone,tRwsVxYyIxAa@domain.com
430,247,phone,aivVsQCzSWSe@domain.com
382,743,email,186.0.104
292,10,email,65.130.248
286,413,email,219.211.68
465,362,IP,7
304,437,phone,IQJXvqJLuahn@domain.com
288,974,IP,2
512,179,email,254.62.79
829,352,phone,GiCjrpqpHTLB@domain.com
158,106,email,246.103.145
681,28,IP,9
629,524,phone,aHacVpZzEeIm@domain.com
230,969,phone,wQhgVyxXrlyj@domain.com
792,691,IP,1
772,841,IP,1
210,999,IP,2
434,389,IP,3
6,822,phone,YupIpKKVdzfl@domain.com
238,365,IP,9
920,839,IP,6
650,788,phone,dvrMgLPxVvDu@domain.com
990,942,phone,qaaiIDPjheca@domain.com
66,564,phone,YnmBUodrBibd@domain.com
68,844,IP,7
113,355,phone,knShvOYfRVcg@domain.com
130,910,phone,GIsLcvkVCfzB@domain.com
796,20,email,171.255.52
573,85,email,73.118.47
781,498,phone,HjjrnWVLCEyN@domain.com
725,784,email,79.140.96
685,356,email,122.105.219
550,462,IP,8
828,370,phone,tlrASYNXUsbs@domain.com
442,861,IP,5
416,442,email,251.179.65
345,657,email,205.224.84
138,203,IP,5
295,276,IP,3
616,823,IP,7
442,813,email,210.127.237
86,180,IP,9
628,56,phone,AcnIivErlimn@domain.com
10,978,IP,8
290,838,email,241.5.101
826,635,email,119.137.248
201,553,phone,PSHWltjGPYeH@domain.com
847,629,phone,eqVPKEhfMPUD@domain.com
384,608,IP,6
938,442,IP,7
658,13,phone,CkAymzgfrEbH@domain.com
434,201,phone,HuJEyKXTPfij@domain.com
682,759,IP,4
843,146,email,193.84.111
564,361,email,188.138.225
174,966,phone,uhtxcllAQIdC@domain.com
339,226,IP,10
959,219,IP,2
623,643,phone,AbsDoJUoZDNf@domain.com
309,793,IP,2
