ID,name,phone,email,IP,clusterID
0,VzoWnLotVZFv,9956299748,VzoWnLotVZFv@domain.com,221.225.161,5
1,iBrrQMDxEUCT,2749202542,iBrrQMDxEUCT@domain.com,215.244.213,1
2,EWxkGbArtdNz,5584877839,EWxkGbArtdNz@domain.com,161.255.32,5
3,MnyXAzpIUsaj,4886518838,MnyXAzpIUsaj@domain.com,109.90.30,8
4,ObKXKYNveNfo,7825175980,ObKXKYNveNfo@domain.com,73.239.152,9
5,FQOwIPoIoSGn,4082622262,FQOwIPoIoSGn@domain.com,61.46.221,10
6,QavuuayKsgeE,7494741838,QavuuayKsgeE@domain.com,169.79.24,1
7,pPfWkmehpdIS,3694944499,pPfWkmehpdIS@domain.com,119.246.188,8
8,UWgxXgeRCELf,5391077087,UWgxXgeRCELf@domain.com,196.245.132,4
9,jlJTQmXnTEOe,4359456835,jlJTQmXnTEOe@domain.com,159.193.109,6
10,ekdniOGAUQzQ,9495173030,ekdniOGAUQzQ@domain.com,16.20.239,3
11,lcTQlhXKgMfQ,1366679038,lcTQlhXKgMfQ@domain.com,205.141.29,9
12,btuTYQCkhVwq,3902334049,btuTYQCkhVwq@domain.com,199.232.253,6
13,cMZNUjewmQfi,2388803046,cMZNUjewmQfi@domain.com,10.80.39,1
14,mlJDbwiDEXCL,7198600000,mlJDbwiDEXCL@domain.com,0.46.148,3
15,CdecFdNLyyDE,3730717479,CdecFdNLyyDE@domain.com,106.16.175,6
16,lWuYdfAJTewK,5601077599,lWuYdfAJTewK@domain.com,202.44.230,6
17,DMRBznbrvztn,2385238628,DMRBznbrvztn@domain.com,100.49.64,4
18,shFLtQpFwlkf,1870856768,shFLtQpFwlkf@domain.com,255.117.166,3
19,XLFgYoyEMfLV,5985282590,XLFgYoyEMfLV@domain.com,132.161.136,6
20,QFuRfrbWslil,5881694990,QFuRfrbWslil@domain.com,149.116.98,5
21,qcbUGXPgGEVT,8611880739,qcbUGXPgGEVT@domain.com,230.13.29,7
22,tLFYukipxiVY,4001068012,tLFYukipxiVY@domain.com,142.29.85,2
23,ONiNmeZLfiYt,4788733414,ONiNmeZLfiYt@domain.com,168.68.12,6
24,JTJmiEPiepha,8905559024,JTJmiEPiepha@domain.com,75.253.158,1
25,UgIARWGaaYeI,3385676443,UgIARWGaaYeI@domain.com,125.203.191,8
26,bYFxmXnJKzPG,7162000809,bYFxmXnJKzPG@domain.com,147.4.157,3
27,ctMYVPUlKvYt,9923036251,ctMYVPUlKvYt@domain.com,56.139.217,7
28,JMdkxHrvPAqA,7853741063,JMdkxHrvPAqA@domain.com,94.85.116,4
29,JVnFwQFgrcUK,8441233412,JVnFwQFgrcUK@domain.com,250.6.160,8
30,bOmlPlwwZrfE,8368447432,bOmlPlwwZrfE@domain.com,130.60.9,6
31,IWoypokrbBiV,4441017194,IWoypokrbBiV@domain.com,50.102.121,10
32,GoRvhwsGExhQ,7298677283,GoRvhwsGExhQ@domain.com,59.36.35,7
33,jhheWlMSnYQX,1091435492,jhheWlMSnYQX@domain.com,147.39.126,3
34,QOZVitSpYTXK,3958474839,QOZVitSpYTXK@domain.com,0.166.65,10
35,aGwYTrbGdqyE,2848447111,aGwYTrbGdqyE@domain.com,17.74.48,6
36,byoqRHiiQdgi,7672781159,byoqRHiiQdgi@domain.com,130.68.58,5
37,QRhPGQmbEtOl,3243122944,QRhPGQmbEtOl@domain.com,89.19.25,7
38,fWitoKsYVGOO,6031649175,fWitoKsYVGOO@domain.com,106.126.9,3
39,aALflKHWBIHI,4688273335,aALflKHWBIHI@domain.com,174.211.75,8
40,pFFzCEJNYWLM,2659647948,pFFzCEJNYWLM@domain.com,190.48.75,8
41,HblBIwIOBWiG,8249319457,HblBIwIOBWiG@domain.com,117.184.69,8
42,DKkVGdJEVIfN,2124086665,DKkVGdJEVIfN@domain.com,139.103.57,9
43,JetEhVMxjYrB,4617469580,JetEhVMxjYrB@domain.com,202.26.29,2
44,TVmsvPfgfsEk,5965293746,TVmsvPfgfsEk@domain.com,42.229.136,5
45,ZKiJoheuYgGz,3291074307,ZKiJoheuYgGz@domain.com,160.59.119,3
46,YuqVVWLYeUPh,7453858255,YuqVVWLYeUPh@domain.com,206.236.96,5
47,rfXYVrXKsdXI,9942447971,rfXYVrXKsdXI@domain.com,245.12.134,3
48,DNJRScWRDZqn,8370566352,DNJRScWRDZqn@domain.com,191.147.90,4
49,eUIcnVGVIuBH,1612557740,eUIcnVGVIuBH@domain.com,129.106.249,8
50,TicVpbJNmaGt,5048052676,TicVpbJNmaGt@domain.com,85.240.75,1
51,rveOUWtHaXxX,2007271377,rveOUWtHaXxX@domain.com,211.243.108,10
52,cIRABaAksdkd,6581600265,cIRABaAksdkd@domain.com,130.247.227,7
53,YJlhpXNWIVUt,5985580354,YJlhpXNWIVUt@domain.com,193.40.240,8
54,pPUVVnquvXlF,2233834022,pPUVVnquvXlF@domain.com,183.215.238,1
55,GywFvWYgOUwZ,2606504624,GywFvWYgOUwZ@domain.com,94.89.118,4
56,BXaAgxpZYdQF,1390952961,BXaAgxpZYdQF@domain.com,58.209.254,4
57,frAcoderKKdo,6216386541,frAcoderKKdo@domain.com,81.247.12,4
58,sLBVegFZOBKi,8309367310,sLBVegFZOBKi@domain.com,63.5.27,9
59,UmMoeGBVeQUs,8786768664,UmMoeGBVeQUs@domain.com,57.1.110,6
60,aEgwVdrFBTLP,4118477054,aEgwVdrFBTLP@domain.com,214.64.208,5
61,BGkzTwSYTvaj,4965429046,BGkzTwSYTvaj@domain.com,155.130.149,9
62,NqQeNCppBHET,1125240433,NqQeNCppBHET@domain.com,84.122.237,2
63,IpENgQseEfvJ,9698880701,IpENgQseEfvJ@domain.com,156.50.171,6
64,IqMHaZPxyKsD,7178128726,IqMHaZPxyKsD@domain.com,201.169.96,6
65,faIBuUTGsbpJ,9266707383,faIBuUTGsbpJ@domain.com,118.25.143,10
66,BgpTQSrkZqNr,7400170394,BgpTQSrkZqNr@domain.com,224.163.170,8
67,XDrEKBslKJOP,9477852779,XDrEKBslKJOP@domain.com,34.199.159,6
68,cukikMseXZHA,9268040365,cukikMseXZHA@domain.com,57.93.209,2
69,gWjLFujuPdAK,4756968565,gWjLFujuPdAK@domain.com,73.37.21,6
70,SOwsLFVaJhBS,5824071880,SOwsLFVaJhBS@domain.com,118.206.188,2
71,oJenDTTKEBGB,4275052495,oJenDTTKEBGB@domain.com,47.248.105,9
72,coomIUHiyeMc,5936393101,coomIUHiyeMc@domain.com,56.97.15,9
73,MFEJtwLDzGPn,6006471046,MFEJtwLDzGPn@domain.com,201.240.128,9
74,oZmHdcBeEZFF,9481969983,oZmHdcBeEZFF@domain.com,203.19.244,4
75,hrWmJmKhWHoY,8829490478,hrWmJmKhWHoY@domain.com,125.194.67,8
76,cbTaqJAMeEtO,5856097700,cbTaqJAMeEtO@domain.com,227.174.44,8
77,vaocLjEBVnXQ,1874238270,vaocLjEBVnXQ@domain.com,145.199.68,8
78,CHBGPiHYqiLI,9482507553,CHBGPiHYqiLI@domain.com,188.254.201,2
79,rxyPtOlDhWQp,5290102575,rxyPtOlDhWQp@domain.com,129.177.214,7
80,OZSksGgOQoaW,7081652108,OZSksGgOQoaW@domain.com,201.233.94,6
81,hPAlVlTQfDQn,1310756045,hPAlVlTQfDQn@domain.com,73.68.245,2
82,LDJjwoLTIHFb,8532402176,LDJjwoLTIHFb@domain.com,88.38.201,3
83,FxZRwpIeEAgY,2080766878,FxZRwpIeEAgY@domain.com,229.139.110,6
84,JBnIXsCrxFYi,9449805718,JBnIXsCrxFYi@domain.com,189.158.93,9
85,HKQcpxqJhpwH,4936219799,HKQcpxqJhpwH@domain.com,178.95.111,5
86,jKmHDwInROgC,8620757028,jKmHDwInROgC@domain.com,123.59.201,3
87,VzKMNkKDqORk,7688426339,VzKMNkKDqORk@domain.com,20.68.38,9
88,TbJCwnWYBucI,9784409675,TbJCwnWYBucI@domain.com,150.164.206,9
89,sXGFjQOLIYkx,8029519666,sXGFjQOLIYkx@domain.com,13.176.125,4
90,gaolQItYghDh,4228946423,gaolQItYghDh@domain.com,136.8.185,1
91,rgYjltprMVHH,7021771087,rgYjltprMVHH@domain.com,69.176.216,9
92,vivMZyAimynr,6035324789,vivMZyAimynr@domain.com,66.101.126,1
93,HckhMCTrLwMt,8758050078,HckhMCTrLwMt@domain.com,104.32.37,6
94,UEbLdUVHDoXm,8612781946,UEbLdUVHDoXm@domain.com,213.148.143,10
95,zoVOMfWvTSgX,8510260531,zoVOMfWvTSgX@domain.com,125.100.236,8
96,IcHRYiFpSpaE,8198243918,IcHRYiFpSpaE@domain.com,164.65.210,3
97,PFLjAXgexXXG,2292063676,PFLjAXgexXXG@domain.com,131.1.74,7
98,gPWTknYUsxyA,8778365479,gPWTknYUsxyA@domain.com,226.201.27,1
99,wYTUqiGZzoqv,3744959329,wYTUqiGZzoqv@domain.com,204.118.75,7
100,TfsHVmWELYZB,3130797306,TfsHVmWELYZB@domain.com,211.3.44,10
101,eHAjTaUDhefN,2404397782,eHAjTaUDhefN@domain.com,242.38.30,9
102,bxEGDRBlMQNF,6050296723,bxEGDRBlMQNF@domain.com,163.20.90,4
103,KPzzyynhGPLo,7862191295,KPzzyynhGPLo@domain.com,184.92.176,5
104,XmEfJneAFTZz,3527023929,XmEfJneAFTZz@domain.com,132.205.193,4
105,cYsZuQNwCVBF,3205274721,cYsZuQNwCVBF@domain.com,118.195.146,3
106,SnBJbBVQGlKj,8824534994,SnBJbBVQGlKj@domain.com,76.55.224,8
107,lXsjswvQdwGO,5321964600,lXsjswvQdwGO@domain.com,110.230.29,2
108,wIfaDVQFwGxi,4886866657,wIfaDVQFwGxi@domain.com,195.145.27,3
109,AoVRrgmSdQWd,3169559277,AoVRrgmSdQWd@domain.com,155.24.96,8
110,RvJGfBSjIKES,5487411057,RvJGfBSjIKES@domain.com,133.193.74,4
111,PvmFRToXHEAg,9194418198,PvmFRToXHEAg@domain.com,7.141.76,6
112,WeJxkvKCUTcL,8094377463,WeJxkvKCUTcL@domain.com,17.224.239,4
113,vGoWhPZEUuCJ,9627681867,vGoWhPZEUuCJ@domain.com,167.158.248,5
114,XRMahsSfvDvb,7364972936,XRMahsSfvDvb@domain.com,143.161.203,5
115,vMfjdKKKJbTT,9314391628,vMfjdKKKJbTT@domain.com,205.179.136,3
116,rEhzKTJHZoxO,3861083978,rEhzKTJHZoxO@domain.com,37.55.180,10
117,zZMDUXsZAnXG,6049208987,zZMDUXsZAnXG@domain.com,96.119.30,7
118,LoTiMAecUIGw,4397585215,LoTiMAecUIGw@domain.com,196.105.25,2
119,usjSTeTxeSWe,5943323369,usjSTeTxeSWe@domain.com,60.126.200,2
120,aDwnrxsOQIDW,5476485377,aDwnrxsOQIDW@domain.com,1.27.178,7
121,IRjUFIHfzHSw,7398762517,IRjUFIHfzHSw@domain.com,132.193.66,1
122,PyHievYKifVu,7559030190,PyHievYKifVu@domain.com,78.181.184,9
123,sFlPTrgjoXSe,9595858964,sFlPTrgjoXSe@domain.com,125.87.182,10
124,gLgTFuvlkLSx,5831744071,gLgTFuvlkLSx@domain.com,246.248.72,9
125,udlFWIuPjNzy,8016204014,udlFWIuPjNzy@domain.com,155.139.253,9
126,LDAXrFHhGSaz,4624150159,LDAXrFHhGSaz@domain.com,57.53.239,8
127,WPrPWptcLuzl,4260151467,WPrPWptcLuzl@domain.com,235.105.68,8
128,KFcjTzemEGHc,7563207446,KFcjTzemEGHc@domain.com,98.3.212,10
129,FZIRgRTryMAa,5054787437,FZIRgRTryMAa@domain.com,164.249.90,4
130,IkKrTUchYvSC,5861345799,IkKrTUchYvSC@domain.com,131.182.195,9
131,YXjuVmfQddOk,8353202952,YXjuVmfQddOk@domain.com,202.0.204,6
132,dfiiDQglFrQN,2255883675,dfiiDQglFrQN@domain.com,112.125.174,9
133,AphnHvVnbNDw,4860220679,AphnHvVnbNDw@domain.com,100.177.143,4
134,AIpxbZXeKUJd,9528961981,AIpxbZXeKUJd@domain.com,46.3.27,9
135,xsrnSEwVDDQS,5264870404,xsrnSEwVDDQS@domain.com,87.248.175,8
136,YvFsDsEcRDdB,9930392161,YvFsDsEcRDdB@domain.com,119.102.237,10
137,cewKuOKLGjXB,2597183107,cewKuOKLGjXB@domain.com,52.218.18,8
138,ZdktsumFtgSK,3942950671,ZdktsumFtgSK@domain.com,48.73.119,7
139,jAYzbARdEMZE,6161663727,jAYzbARdEMZE@domain.com,27.92.20,3
140,xDuGonhpxtYI,3785718919,xDuGonhpxtYI@domain.com,122.7.17,5
141,PYHTIGWugvFB,7393113565,PYHTIGWugvFB@domain.com,57.70.131,2
142,mbXlCFJEfuoG,7710709762,mbXlCFJEfuoG@domain.com,35.33.180,2
143,vaKtMUwzTwGI,7551991666,vaKtMUwzTwGI@domain.com,242.212.123,8
144,ikxCZtGqhNeJ,6781912933,ikxCZtGqhNeJ@domain.com,65.46.23,7
145,SndsLyBpXhcj,5719656799,SndsLyBpXhcj@domain.com,108.6.219,10
146,UVPfFzPBDtJC,4901272176,UVPfFzPBDtJC@domain.com,95.137.201,8
147,WhJXXiiGpshw,3702407804,WhJXXiiGpshw@domain.com,177.228.252,5
148,qsfnPBtfywcH,7401775506,qsfnPBtfywcH@domain.com,182.192.243,6
149,uHPYhjVoczMn,1438026094,uHPYhjVoczMn@domain.com,113.126.95,2
150,PjFmeDnTKYAE,5083211981,PjFmeDnTKYAE@domain.com,137.186.195,3
151,kTUkIZYwvErC,5721334948,kTUkIZYwvErC@domain.com,221.235.186,3
152,SmXBgFwkSJsm,7317127819,SmXBgFwkSJsm@domain.com,95.212.134,7
153,wyysYxXeDtiV,8527462734,wyysYxXeDtiV@domain.com,111.115.133,7
154,buIQAhlONYxh,4030115555,buIQAhlONYxh@domain.com,71.12.174,1
155,XFaUavjWOUOd,2673314361,XFaUavjWOUOd@domain.com,158.180.55,1
156,EQkbtbZgyAZJ,8373244045,EQkbtbZgyAZJ@domain.com,140.87.255,6
157,mHjCJeCEIzIP,4736119325,mHjCJeCEIzIP@domain.com,137.20.91,8
158,KAFiBRoWmkyg,6509975802,KAFiBRoWmkyg@domain.com,10.56.12,3
159,RKyfADnFMWWQ,7089315037,RKyfADnFMWWQ@domain.com,233.89.132,8
160,ltWBkufBrNxY,9882709638,ltWBkufBrNxY@domain.com,190.88.114,1
161,uiuhakkywSxw,8163393303,uiuhakkywSxw@domain.com,206.110.120,8
162,lFFsWoZkvBvP,6936952902,lFFsWoZkvBvP@domain.com,40.63.57,3
163,ZGLxoOwEHElH,4302860411,ZGLxoOwEHElH@domain.com,80.82.161,1
164,ZBYaFnpKWqNG,6433053754,ZBYaFnpKWqNG@domain.com,107.251.162,10
165,LCOFgDqdFBWy,3934464901,LCOFgDqdFBWy@domain.com,117.74.58,2
166,fnPOfNYfwGme,5043507172,fnPOfNYfwGme@domain.com,69.154.132,2
167,zrGaYMinjXQh,2364719364,zrGaYMinjXQh@domain.com,191.67.42,3
168,UJgAxTkIozJM,6767362301,UJgAxTkIozJM@domain.com,251.178.137,6
169,QVdWhGEGMZQP,7118966254,QVdWhGEGMZQP@domain.com,166.193.81,5
170,MahlmJHgQpVP,7248020649,MahlmJHgQpVP@domain.com,60.69.249,2
171,iBvlDNpokRJj,9620174137,iBvlDNpokRJj@domain.com,152.87.188,4
172,dKEkWWCRtLEl,1120592523,dKEkWWCRtLEl@domain.com,40.228.182,9
173,IMtWnBqZegzB,8316683050,IMtWnBqZegzB@domain.com,44.246.219,5
174,iviZkRXCpFCL,9859931742,iviZkRXCpFCL@domain.com,98.59.133,3
175,bRFwundVfHhg,5477349848,bRFwundVfHhg@domain.com,189.128.194,7
176,GdLQURtrmJgb,2751525156,GdLQURtrmJgb@domain.com,118.145.236,9
177,zFnLnSxAJCKW,7426933765,zFnLnSxAJCKW@domain.com,100.215.48,5
178,rDXzwxFMYkrA,5771111534,rDXzwxFMYkrA@domain.com,61.1.106,6
179,PDvufZiHKpBK,6255614721,PDvufZiHKpBK@domain.com,31.242.32,9
180,KhNVAoPzfgrj,1145237662,KhNVAoPzfgrj@domain.com,69.222.122,4
181,XbZbvzjbiwWb,2031486442,XbZbvzjbiwWb@domain.com,117.183.210,3
182,dlifhdCgbIYv,1884702442,dlifhdCgbIYv@domain.com,45.57.244,2
183,EjwOJrbxfeeV,5862615962,EjwOJrbxfeeV@domain.com,159.53.148,10
184,SzAmRiiphtBQ,8999676142,SzAmRiiphtBQ@domain.com,141.3.100,6
185,wzHcpnBZZYpU,5695318576,wzHcpnBZZYpU@domain.com,208.154.151,3
186,ZyMxhjvTbVco,7790302890,ZyMxhjvTbVco@domain.com,21.49.239,1
187,GbKLInCyfDzj,4481304740,GbKLInCyfDzj@domain.com,176.178.62,3
188,MZbAglSjLvjP,1648599657,MZbAglSjLvjP@domain.com,129.15.251,2
189,riKXHWBBFzic,5583728380,riKXHWBBFzic@domain.com,102.111.248,2
190,mMNJpAlJTDWM,7558027720,mMNJpAlJTDWM@domain.com,18.222.12,7
191,pFSJIzVCKRDx,5212292661,pFSJIzVCKRDx@domain.com,94.87.180,10
192,LCEEStneoUTJ,3796729569,LCEEStneoUTJ@domain.com,129.160.9,9
193,oUPkPuvAiYVV,3454625020,oUPkPuvAiYVV@domain.com,109.183.159,8
194,DOGEhdOSwcDB,7029175120,DOGEhdOSwcDB@domain.com,218.71.12,10
195,xODyRRaMLLdv,3996845052,xODyRRaMLLdv@domain.com,43.91.62,5
196,yvoXdDymdlFW,7028889506,yvoXdDymdlFW@domain.com,254.102.10,4
197,UqexRrjwtBEr,4997695844,UqexRrjwtBEr@domain.com,15.216.249,4
198,kjCwDAxOOwvy,2450898709,kjCwDAxOOwvy@domain.com,64.146.44,2
199,bVRezuqbalst,2792652770,bVRezuqbalst@domain.com,74.59.146,10
200,AbEHsYETALGm,3028076587,AbEHsYETALGm@domain.com,158.237.227,9
201,iFYLrzzEUUDG,5434748069,iFYLrzzEUUDG@domain.com,204.118.161,4
202,SPkTtWDvlMpW,6412498824,SPkTtWDvlMpW@domain.com,255.52.6,10
203,IpwObPgftoFw,2273679010,IpwObPgftoFw@domain.com,108.207.214,8
204,IMSPttRnWjCs,2485985029,IMSPttRnWjCs@domain.com,75.78.126,7
205,ahCaxDymcVlK,3187148714,ahCaxDymcVlK@domain.com,179.221.159,5
206,wgohLEtOjWQm,9501089473,wgohLEtOjWQm@domain.com,81.32.120,1
207,JLJKamdKACHI,2169761255,JLJKamdKACHI@domain.com,62.153.176,9
208,osiriDdFWnqE,3456303049,osiriDdFWnqE@domain.com,119.251.156,2
209,BMiwhtCxMwAT,5394869826,BMiwhtCxMwAT@domain.com,108.80.29,5
210,MdpfkEYUiwyV,3503370228,MdpfkEYUiwyV@domain.com,195.70.188,3
211,XqixvfwpcrCR,5555377812,XqixvfwpcrCR@domain.com,253.158.93,4
212,etWvzIPkIkPk,7176921660,etWvzIPkIkPk@domain.com,174.249.132,4
213,dmsSYtTWOgsE,7605926215,dmsSYtTWOgsE@domain.com,70.248.189,6
214,BREMktkwguZE,1103933280,BREMktkwguZE@domain.com,126.192.186,6
215,dZavTShFsOxr,7470038206,dZavTShFsOxr@domain.com,104.220.215,5
216,yFDXjsiZNQsS,6366523875,yFDXjsiZNQsS@domain.com,50.43.42,9
217,WlIWtwUXYzCH,1648582060,WlIWtwUXYzCH@domain.com,97.106.102,9
218,rWlMdzFWXDqS,1956941521,rWlMdzFWXDqS@domain.com,255.66.83,8
219,hWuZsHVlSgWT,9067237415,hWuZsHVlSgWT@domain.com,148.105.233,5
220,PXWODjlheYrL,1436983012,PXWODjlheYrL@domain.com,28.64.61,6
221,FOMzpRFpeDtk,2520358322,FOMzpRFpeDtk@domain.com,72.142.184,4
222,FSTlJrMnJMUY,6652121502,FSTlJrMnJMUY@domain.com,5.91.76,9
223,gawsVHxhzPjB,6395633286,gawsVHxhzPjB@domain.com,72.247.74,9
224,vZmuDscYdEYk,2357729719,vZmuDscYdEYk@domain.com,68.156.216,2
225,miURPfSPCLDF,3281777048,miURPfSPCLDF@domain.com,255.53.82,8
226,KUuiWjbsmMNn,7596956173,KUuiWjbsmMNn@domain.com,89.218.212,2
227,oOvGCfyIJxeb,5081732356,oOvGCfyIJxeb@domain.com,158.221.226,7
228,LwFpUbCfelCW,6213409752,LwFpUbCfelCW@domain.com,100.49.101,7
229,mWXGBjNDSnNz,4227817902,mWXGBjNDSnNz@domain.com,156.25.165,7
230,wLdrXbdGAZRs,2813455023,wLdrXbdGAZRs@domain.com,143.185.213,4
231,vqWGfQSMSSgs,6185179357,vqWGfQSMSSgs@domain.com,97.108.112,2
232,cbierzakKelJ,7166023079,cbierzakKelJ@domain.com,175.120.179,8
233,nPRBdxdZvYfg,7585979282,nPRBdxdZvYfg@domain.com,92.67.64,9
234,QawMvsfOzeby,6574958573,QawMvsfOzeby@domain.com,24.134.252,1
235,JkwRKJYSXBtJ,5731525214,JkwRKJYSXBtJ@domain.com,52.96.136,5
236,XRefQJJtpGss,8503691355,XRefQJJtpGss@domain.com,11.189.120,7
237,XkzdcktUJBgx,5575973215,XkzdcktUJBgx@domain.com,162.23.6,8
238,FNHCkhRucIdX,1210007714,FNHCkhRucIdX@domain.com,35.229.210,5
239,lJLJHQyaWxFU,1494535968,lJLJHQyaWxFU@domain.com,68.8.1,1
240,uJVCZstZvvwB,6033207771,uJVCZstZvvwB@domain.com,99.96.172,8
241,dIuOpMGbxBUo,7860658818,dIuOpMGbxBUo@domain.com,14.170.250,9
242,qPHvKWBdrHSs,4081236089,qPHvKWBdrHSs@domain.com,36.151.119,3
243,SDExmlENvPNt,6305254810,SDExmlENvPNt@domain.com,242.121.134,6
244,eNHxAOvAhldK,8810220060,eNHxAOvAhldK@domain.com,182.71.185,8
245,gtuQdeuZXWBy,3814641355,gtuQdeuZXWBy@domain.com,182.65.33,1
246,wOXYrWAZWxUj,1686408614,wOXYrWAZWxUj@domain.com,247.165.242,8
247,jimmBLwEnKRS,3390446257,jimmBLwEnKRS@domain.com,108.22.232,5
248,yceGtqUlkwyL,7639650816,yceGtqUlkwyL@domain.com,89.223.217,1
249,TfStMgwEaeKO,9909549632,TfStMgwEaeKO@domain.com,93.215.165,2
250,vDSLjAguwpBE,4794751757,vDSLjAguwpBE@domain.com,232.57.89,3
251,GUegVRZELahH,1762134410,GUegVRZELahH@domain.com,214.26.203,10
252,QlMtGrQFMAIa,2866121594,QlMtGrQFMAIa@domain.com,4.45.76,3
253,mxUtFvsHmHzq,7307638379,mxUtFvsHmHzq@domain.com,56.94.185,7
254,ezFDOoYtPgte,4396740094,ezFDOoYtPgte@domain.com,133.3.150,6
255,VsLrgPkIdIqW,1313857823,VsLrgPkIdIqW@domain.com,83.119.115,8
256,KMCikTCKjFPj,8197533096,KMCikTCKjFPj@domain.com,173.40.145,4
257,rGlmvlKnznhp,3511855018,rGlmvlKnznhp@domain.com,206.48.229,1
258,BoQAjUCfzhNV,5727034294,BoQAjUCfzhNV@domain.com,159.85.9,8
259,yVLcJoAigpRe,4377281508,yVLcJoAigpRe@domain.com,212.60.215,7
260,clHIqnLKVuoK,8017993682,clHIqnLKVuoK@domain.com,252.96.196,7
261,FEzeAjCMTgqS,1325220688,FEzeAjCMTgqS@domain.com,95.161.41,10
262,ZHLhHNAceekQ,2146948599,ZHLhHNAceekQ@domain.com,241.12.155,5
263,VHHOwmMnyvvk,2306860273,VHHOwmMnyvvk@domain.com,219.7.229,5
264,kVkyRyUZJDUr,1119211985,kVkyRyUZJDUr@domain.com,29.194.186,10
265,LCJOQAbHbVFX,8444569521,LCJOQAbHbVFX@domain.com,151.192.26,9
266,DIOMQbRojLDU,3306114215,DIOMQbRojLDU@domain.com,213.33.254,9
267,VDNFFAkImSTS,8905476355,VDNFFAkImSTS@domain.com,74.180.2,5
268,iuGeRsomoZKB,4364764370,iuGeRsomoZKB@domain.com,116.164.209,1
269,UsFkzYqzKCFU,5984838950,UsFkzYqzKCFU@domain.com,139.139.246,5
270,dsderLcpOuby,2182430982,dsderLcpOuby@domain.com,90.216.121,3
271,ALuDwmLFcWkQ,1695471817,ALuDwmLFcWkQ@domain.com,201.92.197,3
272,BGnjWXaLLthA,5933857197,BGnjWXaLLthA@domain.com,189.49.186,7
273,IrBGOJVyUtdM,9147988156,IrBGOJVyUtdM@domain.com,7.83.2,9
274,lcbHhAEeIwNC,6663060149,lcbHhAEeIwNC@domain.com,105.83.106,8
275,cwUSoLEesbeQ,7170218199,cwUSoLEesbeQ@domain.com,214.163.190,7
276,ZdQHRxOQdzSi,6796613523,ZdQHRxOQdzSi@domain.com,161.215.223,6
277,FUllVtaBncvN,7467109931,FUllVtaBncvN@domain.com,212.30.200,6
278,qREpUBJBmxZL,2557016915,qREpUBJBmxZL@domain.com,176.204.209,10
279,TgjsaiMbjUIK,5800870480,TgjsaiMbjUIK@domain.com,34.101.174,3
280,wnCHXWTtQXTv,8701643201,wnCHXWTtQXTv@domain.com,104.205.73,6
281,jFjRbvvtcOTr,8337685747,jFjRbvvtcOTr@domain.com,244.96.72,10
282,CtGfdKVpXRqe,1065508486,CtGfdKVpXRqe@domain.com,175.38.126,10
283,jVKWHguVfngb,1317662183,jVKWHguVfngb@domain.com,220.246.49,4
284,jSrTWcUhahCw,2524116247,jSrTWcUhahCw@domain.com,151.237.21,6
285,sdOVTmNLLGXa,5116623001,sdOVTmNLLGXa@domain.com,167.178.88,3
286,SWLdrrJougQF,6460375222,SWLdrrJougQF@domain.com,252.229.169,5
287,VurswcWibRfG,2428091793,VurswcWibRfG@domain.com,134.156.138,7
288,qiEKuMUzwvgZ,3884170138,qiEKuMUzwvgZ@domain.com,54.147.216,4
289,UCpyFbhVxGGL,7686854426,UCpyFbhVxGGL@domain.com,65.204.22,10
290,cdpbMgFGFAJA,7141245993,cdpbMgFGFAJA@domain.com,77.135.192,4
291,HCSmcTuDzawv,4481886997,HCSmcTuDzawv@domain.com,167.43.57,1
292,fKrhfIcbrhuT,5433953269,fKrhfIcbrhuT@domain.com,88.82.162,3
293,HcniVIWSVczU,3492107174,HcniVIWSVczU@domain.com,141.201.47,7
294,igMmwRogSJxP,3315078159,igMmwRogSJxP@domain.com,143.152.110,8
295,AtOaxOMaVimq,9219052924,AtOaxOMaVimq@domain.com,110.222.212,6
296,JfuVoFybLOro,3790186606,JfuVoFybLOro@domain.com,230.222.233,5
297,PEdWmVBXCnVU,7393019719,PEdWmVBXCnVU@domain.com,230.222.49,3
298,qHteKAuoGmpM,3314520942,qHteKAuoGmpM@domain.com,157.135.232,1
299,TFwwAqynefrE,1242587341,TFwwAqynefrE@domain.com,234.34.116,8
300,RNuOofdnzrEf,8742746443,RNuOofdnzrEf@domain.com,91.5.133,7
301,QsUQBmFdEArb,8878625198,QsUQBmFdEArb@domain.com,96.170.110,4
302,YtQLftxLsNFg,1185196260,YtQLftxLsNFg@domain.com,11.42.40,4
303,ngXqvCCRMZtJ,3100741515,ngXqvCCRMZtJ@domain.com,238.201.163,1
304,eAwUldqUMgzw,6317360102,eAwUldqUMgzw@domain.com,206.24.233,10
305,hKgenGYNhTjJ,4780407153,hKgenGYNhTjJ@domain.com,28.200.217,4
306,JrgBXKNTlqNl,8797724256,JrgBXKNTlqNl@domain.com,232.209.23,3
307,brVELSeXCVKg,6756761301,brVELSeXCVKg@domain.com,161.125.90,8
308,MHpqghoLhNbN,7162906397,MHpqghoLhNbN@domain.com,102.210.215,2
309,YZpHMjIgMxvz,6087731788,YZpHMjIgMxvz@domain.com,75.151.244,3
310,mwXMqFNsvGjZ,9129241296,mwXMqFNsvGjZ@domain.com,192.108.70,1
311,pfpXUSphwMLj,4475878430,pfpXUSphwMLj@domain.com,240.249.248,1
312,MwtPtnnpxUoW,4583889192,MwtPtnnpxUoW@domain.com,28.125.174,9
313,OTtDqHfzZRup,2903663378,OTtDqHfzZRup@domain.com,223.102.187,10
314,SAZPTBGcCPqA,5216985189,SAZPTBGcCPqA@domain.com,184.243.122,3
315,EDNkrrFmckAC,6043039322,EDNkrrFmckAC@domain.com,157.136.104,3
316,aakIjfgbCibR,1246278273,aakIjfgbCibR@domain.com,44.55.108,8
317,ijcefoEtRqcY,4421370779,ijcefoEtRqcY@domain.com,78.160.202,8
318,rwGerQQnINRb,6069321758,rwGerQQnINRb@domain.com,228.182.166,9
319,eVWvpHDxqhhU,1506256061,eVWvpHDxqhhU@domain.com,170.204.251,1
320,KdwDljNFOzie,7319329181,KdwDljNFOzie@domain.com,125.68.225,7
321,nrbRvcmUtsCL,9302769162,nrbRvcmUtsCL@domain.com,207.159.203,6
322,vupGaNEhquDC,2228507815,vupGaNEhquDC@domain.com,222.157.37,1
323,DEGIiLtXlhtS,6988687100,DEGIiLtXlhtS@domain.com,236.189.229,7
324,HOszZrtauaMM,2108207502,HOszZrtauaMM@domain.com,138.146.170,7
325,efMPtBmYjjTQ,6742752268,efMPtBmYjjTQ@domain.com,44.242.50,4
326,cRwBkjHeCraY,1493298615,cRwBkjHeCraY@domain.com,194.31.181,9
327,SOondQYHQqcl,1122578384,SOondQYHQqcl@domain.com,202.47.183,6
328,UurUeQbfbPKk,1308458822,UurUeQbfbPKk@domain.com,59.238.216,1
329,IITFadIYlKxD,8271249425,IITFadIYlKxD@domain.com,200.183.179,6
330,gqkUgrJmCNlB,5625728266,gqkUgrJmCNlB@domain.com,70.143.136,9
331,qPKSfAUbtljt,5316277913,qPKSfAUbtljt@domain.com,149.16.185,8
332,KxKLBVfjLnmt,8612741187,KxKLBVfjLnmt@domain.com,236.145.129,7
333,VpgmclhvarEU,5663475074,VpgmclhvarEU@domain.com,51.197.166,6
334,zdDGUCjbVRzh,9927879811,zdDGUCjbVRzh@domain.com,167.142.154,2
335,TccnQfEMeukG,9743796108,TccnQfEMeukG@domain.com,82.105.127,6
336,qWkvfLbYwgey,1579559530,qWkvfLbYwgey@domain.com,69.55.43,1
337,rbLteIfJVXoa,9185239667,rbLteIfJVXoa@domain.com,107.42.175,6
338,mSSdutZOvokG,6130327990,mSSdutZOvokG@domain.com,182.236.158,7
339,yHyRgdOlkqwH,5434757461,yHyRgdOlkqwH@domain.com,206.98.46,1
340,ESUNoWoPUHZb,1701703793,ESUNoWoPUHZb@domain.com,216.228.25,2
341,jiADkWhQmnWW,3713271826,jiADkWhQmnWW@domain.com,169.127.233,6
342,pEtAKYRTsxxR,6678177061,pEtAKYRTsxxR@domain.com,4.0.16,10
343,PtwLlAgfCiuE,1210593906,PtwLlAgfCiuE@domain.com,75.132.82,3
344,dMOEqSXuaUfb,9615478142,dMOEqSXuaUfb@domain.com,82.153.184,8
345,uztODBbLxXNG,1701510433,uztODBbLxXNG@domain.com,242.52.132,2
346,VlOWaEVlVpwk,2776420260,VlOWaEVlVpwk@domain.com,98.167.250,5
347,IBwXxbUFIfVz,3736924102,IBwXxbUFIfVz@domain.com,96.169.27,3
348,yCsDvoKZqxfl,9667789555,yCsDvoKZqxfl@domain.com,137.181.11,5
349,IBsrYeWGvSVS,6569590882,IBsrYeWGvSVS@domain.com,169.58.187,6
350,aASQCnNdzfEI,6580197300,aASQCnNdzfEI@domain.com,254.158.125,4
351,ZiBeNLShCiMF,9774477612,ZiBeNLShCiMF@domain.com,133.99.89,7
352,ttVbjZgZWUvW,3279994367,ttVbjZgZWUvW@domain.com,27.153.137,2
353,EoUZVahqwRWt,2882980754,EoUZVahqwRWt@domain.com,175.188.80,5
354,WEyLeKLMEWgb,2075718808,WEyLeKLMEWgb@domain.com,107.64.121,4
355,fsOJwhkouaao,2882192456,fsOJwhkouaao@domain.com,214.197.170,4
356,GWasVFZorXrx,3381095577,GWasVFZorXrx@domain.com,14.255.111,4
357,ToyaFnQoZfVC,7869732403,ToyaFnQoZfVC@domain.com,188.205.74,2
358,xqofJQVEOvTi,3108428240,xqofJQVEOvTi@domain.com,180.86.134,1
359,aEEsJqMBwTxk,6608747756,aEEsJqMBwTxk@domain.com,128.14.131,7
360,PAagUxxlYHgP,7561904453,PAagUxxlYHgP@domain.com,244.24.129,3
361,ttEoexlHlQwn,6138223123,ttEoexlHlQwn@domain.com,177.106.196,8
362,yMmkJGmvSKht,7451042448,yMmkJGmvSKht@domain.com,142.165.57,3
363,ZBhrUegrGGZg,3738172769,ZBhrUegrGGZg@domain.com,96.0.131,6
364,bMjfmaBnvKkh,1411271121,bMjfmaBnvKkh@domain.com,207.45.65,2
365,VsflVNXeIVib,3860768063,VsflVNXeIVib@domain.com,177.77.247,1
366,yCFdMjIUrIPq,3160318505,yCFdMjIUrIPq@domain.com,212.50.5,9
367,TDuBDlRBGosf,7815344812,TDuBDlRBGosf@domain.com,46.154.242,9
368,dlOabHIEdlai,8017063036,dlOabHIEdlai@domain.com,63.31.7,1
369,FxwRHCxFBefI,9942322029,FxwRHCxFBefI@domain.com,158.159.198,2
370,JbsRmkzRiqXK,2221102149,JbsRmkzRiqXK@domain.com,8.27.251,5
371,NbsDfxAPxCPB,5697723847,NbsDfxAPxCPB@domain.com,172.224.153,9
372,agirfcFcDgDg,9915983846,agirfcFcDgDg@domain.com,17.62.247,4
373,KRemzwRBBTId,7362937489,KRemzwRBBTId@domain.com,207.188.123,6
374,gKEjqNpRXGIQ,7245182354,gKEjqNpRXGIQ@domain.com,114.112.225,8
375,zwZVHRRhxqAJ,6493562301,zwZVHRRhxqAJ@domain.com,248.52.83,10
376,oHNhwijQeEVH,7267020518,oHNhwijQeEVH@domain.com,56.113.112,7
377,JbCeLCMqhYFy,2435238319,JbCeLCMqhYFy@domain.com,16.70.1,9
378,nBMpOhutjWTV,3916199772,nBMpOhutjWTV@domain.com,77.136.214,2
379,NKeMZmvdFRgT,6100874642,NKeMZmvdFRgT@domain.com,121.36.75,7
380,kQiQAVufGFCV,8320025608,kQiQAVufGFCV@domain.com,140.45.6,8
381,ezJyajLVpnih,6900900426,ezJyajLVpnih@domain.com,127.71.155,10
382,WwjBXCYmrKcT,1663641096,WwjBXCYmrKcT@domain.com,106.255.17,3
383,VOkjjgsRbVBr,2363053758,VOkjjgsRbVBr@domain.com,26.124.77,8
384,OtPNsNpAAciV,5843188842,OtPNsNpAAciV@domain.com,225.56.140,5
385,cauQhFuOLuGd,9815275098,cauQhFuOLuGd@domain.com,175.58.254,7
386,USVJJsyaoQKZ,9472231187,USVJJsyaoQKZ@domain.com,21.149.55,8
387,xgfucRfRbiDL,6324447957,xgfucRfRbiDL@domain.com,152.78.128,7
388,TkJvNbgtmZYt,4370495411,TkJvNbgtmZYt@domain.com,225.204.2,3
389,AWDJRozWncly,2563568806,AWDJRozWncly@domain.com,27.51.176,3
390,yaWqCMTQVNDf,3983380379,yaWqCMTQVNDf@domain.com,112.79.203,9
391,lneHAaFAwuZC,1537937263,lneHAaFAwuZC@domain.com,183.183.9,9
392,IRcQStVYEkIU,5716270277,IRcQStVYEkIU@domain.com,30.144.116,3
393,IGKdZaJWxzWQ,5043509010,IGKdZaJWxzWQ@domain.com,143.187.106,8
394,yGbbrPlBMKXV,4187014143,yGbbrPlBMKXV@domain.com,120.27.73,9
395,ZnyDhtmEKIGl,7253819514,ZnyDhtmEKIGl@domain.com,142.165.37,3
396,yOZMwikFJgrM,5849062537,yOZMwikFJgrM@domain.com,158.104.82,6
397,KIgCHgCotllL,6015611959,KIgCHgCotllL@domain.com,109.190.64,7
398,PUteJsaRCzmn,2632341337,PUteJsaRCzmn@domain.com,18.2.246,10
399,YtRiaCHNspuX,5672606026,YtRiaCHNspuX@domain.com,130.181.220,9
400,jjadIrEONNhc,8933404580,jjadIrEONNhc@domain.com,92.11.237,10
401,OtnXURimKppg,4835816809,OtnXURimKppg@domain.com,13.200.33,7
402,IfVyDRvRzLZs,2223356120,IfVyDRvRzLZs@domain.com,188.152.141,4
403,LMhBrVUbyHMU,4758072480,LMhBrVUbyHMU@domain.com,175.7.42,7
404,SbAIvuObvqek,8321616216,SbAIvuObvqek@domain.com,167.83.13,6
405,CfbjlFntEAdO,1758708961,CfbjlFntEAdO@domain.com,77.111.15,8
406,RUFNykaISOET,3626301432,RUFNykaISOET@domain.com,133.46.61,5
407,CAKtdqxRkZLc,3549377247,CAKtdqxRkZLc@domain.com,184.191.245,9
408,iuSCOhsHgvir,2273316467,iuSCOhsHgvir@domain.com,116.54.24,6
409,FHVyCZAjzGAt,1853286952,FHVyCZAjzGAt@domain.com,188.212.176,2
410,MobDRaVjJmJU,3559682937,MobDRaVjJmJU@domain.com,184.144.138,4
411,KvAGecxrPnoh,5090468487,KvAGecxrPnoh@domain.com,25.179.148,1
412,rlPBiNYBUGdG,2384790899,rlPBiNYBUGdG@domain.com,157.219.2,5
413,DZFqYenrPHIO,1718649427,DZFqYenrPHIO@domain.com,123.239.184,3
414,icytZzkHjmcM,8255235958,icytZzkHjmcM@domain.com,124.157.196,4
415,awiLrtJQnQvD,7277524857,awiLrtJQnQvD@domain.com,174.168.91,1
416,eNuaZqRlXleB,6650047774,eNuaZqRlXleB@domain.com,116.178.34,3
417,MkJBIfhIqMGJ,1155504088,MkJBIfhIqMGJ@domain.com,244.115.242,6
418,kynsRoNUsWiG,1765898649,kynsRoNUsWiG@domain.com,191.54.48,8
419,aQRGpXcXtoOF,9987675012,aQRGpXcXtoOF@domain.com,153.219.74,6
420,xDeQBPSIonOW,6424503813,xDeQBPSIonOW@domain.com,79.77.252,5
421,TPUuDEystbSJ,1040212096,TPUuDEystbSJ@domain.com,55.162.167,7
422,RQPeOJJTrekK,9318671576,RQPeOJJTrekK@domain.com,172.16.192,6
423,IzbEMsbTZovY,2895798601,IzbEMsbTZovY@domain.com,162.94.33,3
424,YLJrjzONqRzB,2798085101,YLJrjzONqRzB@domain.com,129.220.38,2
425,lVtjykSlYCgN,1163779655,lVtjykSlYCgN@domain.com,2.235.174,10
426,hCzggSfGTqKg,8071333014,hCzggSfGTqKg@domain.com,44.142.157,7
427,tMUoVECYESSX,5467958630,tMUoVECYESSX@domain.com,93.124.130,3
428,OulltmQZRJlb,3891705134,OulltmQZRJlb@domain.com,49.69.244,6
429,SJzotNLVUYIj,7039727619,SJzotNLVUYIj@domain.com,192.8.71,4
430,EZgVUjmkHtuH,4626074806,EZgVUjmkHtuH@domain.com,32.230.102,3
431,UOpFIqRjJwSB,3388522621,UOpFIqRjJwSB@domain.com,100.211.142,1
432,UJqPGrSWzsEf,7655697268,UJqPGrSWzsEf@domain.com,152.91.213,9
433,UOvoLpQXjsBE,3019026799,UOvoLpQXjsBE@domain.com,23.57.201,4
434,VqQvKlfECXpt,2231272335,VqQvKlfECXpt@domain.com,106.245.91,8
435,glZbGRLshwsp,2294329210,glZbGRLshwsp@domain.com,63.208.126,3
436,ZZLYAhJlndJP,9300252190,ZZLYAhJlndJP@domain.com,46.70.152,10
437,VjxGvVkjfLoK,6921541501,VjxGvVkjfLoK@domain.com,225.201.50,6
438,YrzfPxHlbtay,6249444399,YrzfPxHlbtay@domain.com,10.202.3,10
439,GRDdEWsuBfSb,2807481821,GRDdEWsuBfSb@domain.com,235.132.32,3
440,EOKrIOvSzaEJ,8775041977,EOKrIOvSzaEJ@domain.com,159.109.190,10
441,fwXJGJMwPNFf,7858290739,fwXJGJMwPNFf@domain.com,35.126.189,8
442,MQnXMGAxOIof,4059132000,MQnXMGAxOIof@domain.com,74.41.81,5
443,hBeHMbyoUOjz,3824992024,hBeHMbyoUOjz@domain.com,154.118.90,7
444,LzasbuciZECx,6081837828,LzasbuciZECx@domain.com,129.60.53,4
445,IbHoqzWBDnUz,1866934019,IbHoqzWBDnUz@domain.com,236.13.61,6
446,xFAFmeSplLvv,7953100769,xFAFmeSplLvv@domain.com,103.109.187,1
447,JqwdjQVsFNaF,8805740473,JqwdjQVsFNaF@domain.com,1.25.200,6
448,inTtmPzOaobC,9024627906,inTtmPzOaobC@domain.com,217.62.204,10
449,nArzONiIvlcr,7288073345,nArzONiIvlcr@domain.com,196.215.113,10
450,QUbierJwjzwQ,8807558961,QUbierJwjzwQ@domain.com,93.57.218,8
451,UxsYwLkoXhSc,2771288862,UxsYwLkoXhSc@domain.com,28.52.4,5
452,iTZBaGKOztqz,6190699227,iTZBaGKOztqz@domain.com,112.114.194,6
453,nyNXeeRPVmGJ,3166099724,nyNXeeRPVmGJ@domain.com,0.156.147,3
454,wvTzFKBICwRO,5877515895,wvTzFKBICwRO@domain.com,42.75.51,2
455,uqgRqaFpINHR,8800286629,uqgRqaFpINHR@domain.com,101.106.141,9
456,bKwHKQINSHOA,8600849769,bKwHKQINSHOA@domain.com,100.114.242,5
457,uiImlhkIuuxO,6374452801,uiImlhkIuuxO@domain.com,103.39.210,2
458,hWELXtoZQEif,7577446502,hWELXtoZQEif@domain.com,248.73.63,4
459,JqPVzlVDUOHq,3103582578,JqPVzlVDUOHq@domain.com,237.178.255,1
460,odAAtaObJDOX,2952892918,odAAtaObJDOX@domain.com,246.234.158,7
461,KfOtWLCDtypy,3120455508,KfOtWLCDtypy@domain.com,84.184.102,6
462,vjGtuBiQvKzU,4787468359,vjGtuBiQvKzU@domain.com,198.207.148,5
463,uKwyyEDVpYkv,9636099840,uKwyyEDVpYkv@domain.com,178.146.96,2
464,CBQESspjcwFU,4852659806,CBQESspjcwFU@domain.com,146.162.192,8
465,qaXTZBncZRZm,1204023600,qaXTZBncZRZm@domain.com,163.94.157,4
466,HGYcODZmpTWB,8943347284,HGYcODZmpTWB@domain.com,2.147.167,6
467,kbTBgFcXrTRg,1839539425,kbTBgFcXrTRg@domain.com,168.103.136,8
468,uozQKRsobwbG,7602092097,uozQKRsobwbG@domain.com,90.111.218,3
469,EeIBWwyOgIdh,1403522546,EeIBWwyOgIdh@domain.com,174.244.179,8
470,BYKsuwMaHVLn,1831022032,BYKsuwMaHVLn@domain.com,99.245.232,4
471,BbWTgkZPNSlg,6803195358,BbWTgkZPNSlg@domain.com,111.63.9,2
472,DNulKxAIKEbp,9492557033,DNulKxAIKEbp@domain.com,12.106.18,8
473,YgMPtuHAspUu,7520416624,YgMPtuHAspUu@domain.com,12.131.192,5
474,PiUfmdKfRZjf,1455782557,PiUfmdKfRZjf@domain.com,23.30.213,5
475,GqRYIPGgTUYt,5201854233,GqRYIPGgTUYt@domain.com,26.66.184,5
476,tGoTNyRndMAB,2278277698,tGoTNyRndMAB@domain.com,41.107.57,4
477,nmShQxskcPgR,6519188695,nmShQxskcPgR@domain.com,139.196.234,2
478,GnQrWXnqdHzq,1263623565,GnQrWXnqdHzq@domain.com,66.2.99,8
479,JpgaBQJQKnfE,4975664490,JpgaBQJQKnfE@domain.com,239.248.80,6
480,NcZXclAcWaGY,8867624710,NcZXclAcWaGY@domain.com,82.47.228,8
481,VJKqBDfZUMHq,5218391633,VJKqBDfZUMHq@domain.com,168.46.160,8
482,WRcLLuKdSlni,7998435225,WRcLLuKdSlni@domain.com,90.130.234,3
483,wcpEBlPIksvY,2105923710,wcpEBlPIksvY@domain.com,126.38.208,9
484,piTVyFOGHUaB,6615665224,piTVyFOGHUaB@domain.com,185.239.4,1
485,pTWxgIBklqSS,8391596823,pTWxgIBklqSS@domain.com,14.113.4,6
486,vGcCULWCPKdW,7579381673,vGcCULWCPKdW@domain.com,220.241.128,7
487,euHVeMAzrUFF,8616820795,euHVeMAzrUFF@domain.com,251.133.94,5
488,OZbuMhrzMvYq,2289032457,OZbuMhrzMvYq@domain.com,9.154.213,4
489,wwjwNxmBfNlj,4854009741,wwjwNxmBfNlj@domain.com,84.238.232,5
490,xVSVueNUMCtw,7316942377,xVSVueNUMCtw@domain.com,155.169.183,3
491,cXCdwxkwuwau,4504946672,cXCdwxkwuwau@domain.com,213.28.10,5
492,ezfuzrFUTrPb,2898800242,ezfuzrFUTrPb@domain.com,32.245.241,1
493,MBOVDVilwxWw,8146368461,MBOVDVilwxWw@domain.com,61.254.93,4
494,hBERKLWuSvNH,4869238097,hBERKLWuSvNH@domain.com,180.45.145,9
495,lBQNsOytBYQx,1702581365,lBQNsOytBYQx@domain.com,35.187.80,4
496,kBUcPJLptkBz,2206158471,kBUcPJLptkBz@domain.com,166.202.106,5
497,jKbXrZiuaOsy,5578367815,jKbXrZiuaOsy@domain.com,64.122.86,6
498,HmurAQwdtfuC,6684866405,HmurAQwdtfuC@domain.com,138.230.160,8
499,sYtNFYcsfVui,8774352366,sYtNFYcsfVui@domain.com,72.21.109,1
500,AmnkkWsxhgZF,7239758407,AmnkkWsxhgZF@domain.com,99.102.98,7
501,FvctgRJZMRCA,4775901925,FvctgRJZMRCA@domain.com,214.98.124,4
502,FORfRdabfBIO,7930151116,FORfRdabfBIO@domain.com,182.47.53,10
503,FDxYbXeOBKGm,1115302137,FDxYbXeOBKGm@domain.com,73.165.145,8
504,qRtQiacnMBlp,9309708571,qRtQiacnMBlp@domain.com,194.238.17,6
505,fBNZNOeRkTLf,1119497529,fBNZNOeRkTLf@domain.com,59.102.4,4
506,CSyxlrUMSwvB,6495443319,CSyxlrUMSwvB@domain.com,169.28.118,3
507,rZsDnNVbHdAF,3015625814,rZsDnNVbHdAF@domain.com,25.109.234,4
508,ecOdqkkhGQvx,6367668860,ecOdqkkhGQvx@domain.com,227.168.107,6
509,OQraycjsGDbX,7953263315,OQraycjsGDbX@domain.com,55.225.171,10
510,JTQaxyjnagrK,6039965974,JTQaxyjnagrK@domain.com,47.25.21,9
511,TQJjHdiIkFuR,6240981358,TQJjHdiIkFuR@domain.com,183.85.10,1
512,WvUHWtmLQnzT,2513834777,WvUHWtmLQnzT@domain.com,36.209.48,9
513,PzwShHlTfKqV,1484400234,PzwShHlTfKqV@domain.com,15.246.234,1
514,DqGLwXmwUDvc,2431414093,DqGLwXmwUDvc@domain.com,168.89.192,1
515,gjmfLLRFIseM,1113196401,gjmfLLRFIseM@domain.com,35.137.118,8
516,WFWayNZkhAOS,4776520449,WFWayNZkhAOS@domain.com,171.80.245,1
517,IRqZFxXWqBIc,8023504717,IRqZFxXWqBIc@domain.com,0.68.136,9
518,VOUTnABGUpJT,7522747258,VOUTnABGUpJT@domain.com,42.216.84,5
519,mhQTcVBWKKuI,3405819948,mhQTcVBWKKuI@domain.com,65.207.70,6
520,kzzDSVEfFxRv,7991055236,kzzDSVEfFxRv@domain.com,150.84.63,1
521,hFdYTYpOFLyI,7705889583,hFdYTYpOFLyI@domain.com,53.224.112,1
522,FGWsxItSOdMc,6354235867,FGWsxItSOdMc@domain.com,32.215.124,7
523,ZxJchptsHjvz,8974775120,ZxJchptsHjvz@domain.com,125.162.166,2
524,EChcrfByHgil,3808848770,EChcrfByHgil@domain.com,70.237.74,1
525,dDjgZXsCvqUI,7694404429,dDjgZXsCvqUI@domain.com,236.158.176,5
526,UiuehhkGDebw,7794693701,UiuehhkGDebw@domain.com,56.130.78,1
527,knVIDNtdFdES,3988721441,knVIDNtdFdES@domain.com,124.6.185,6
528,aQwixZCdjeqL,2676064521,aQwixZCdjeqL@domain.com,254.85.168,8
529,OWcfCSNvDCMs,5961801551,OWcfCSNvDCMs@domain.com,61.162.84,2
530,cTiSOMUJroaa,7389267307,cTiSOMUJroaa@domain.com,165.21.137,9
531,OHLuZzXwUDVw,1717086700,OHLuZzXwUDVw@domain.com,37.255.174,3
532,QSLCuYhYPDAz,6266746165,QSLCuYhYPDAz@domain.com,182.232.54,1
533,BqzyXvtEmLvE,4884776131,BqzyXvtEmLvE@domain.com,17.76.124,7
534,xdRmqVewvWeW,9120644785,xdRmqVewvWeW@domain.com,216.104.112,1
535,IdrTmUjgwfbG,6367889641,IdrTmUjgwfbG@domain.com,77.44.97,8
536,zDbvmlPzkEGp,4819800250,zDbvmlPzkEGp@domain.com,82.176.219,2
537,MyAMqWkdPYCL,2252845258,MyAMqWkdPYCL@domain.com,93.221.153,9
538,ZsXfZAvPdNLT,3365175003,ZsXfZAvPdNLT@domain.com,181.105.125,7
539,nXQlmyjNCwoe,4732595150,nXQlmyjNCwoe@domain.com,255.119.168,5
540,crnJZtMeBvmv,1448697916,crnJZtMeBvmv@domain.com,191.208.152,8
541,TPXblJnYNsgc,1072228451,TPXblJnYNsgc@domain.com,160.38.78,2
542,yojbdlRRIVUH,6054869692,yojbdlRRIVUH@domain.com,147.211.193,9
543,EtfBqpzZxUnm,6185243834,EtfBqpzZxUnm@domain.com,216.24.120,3
544,rHcemHZEHrIF,6399953096,rHcemHZEHrIF@domain.com,76.149.73,6
545,ubfKOjwGDmAa,9584230264,ubfKOjwGDmAa@domain.com,12.74.244,6
546,KchvISeTUVdR,2849790984,KchvISeTUVdR@domain.com,252.191.185,5
547,EjvUswgtFdgD,9112658639,EjvUswgtFdgD@domain.com,207.30.130,4
548,aKfwFvXMtteR,8327202424,aKfwFvXMtteR@domain.com,161.113.180,1
549,OFjxmQHJsbfy,3566738869,OFjxmQHJsbfy@domain.com,185.74.173,2
550,BtYCXTxnkZgJ,9555527689,BtYCXTxnkZgJ@domain.com,56.105.154,9
551,bvIHwFISSIuW,1889009505,bvIHwFISSIuW@domain.com,169.209.239,3
552,QTOJqsJbUJep,1363972046,QTOJqsJbUJep@domain.com,204.56.42,10
553,myFTqxaAWDJw,9978791130,myFTqxaAWDJw@domain.com,230.197.52,10
554,TameaCLTeqXE,5653621956,TameaCLTeqXE@domain.com,81.229.34,4
555,OxCPvOQTWMWD,4478127510,OxCPvOQTWMWD@domain.com,251.120.142,3
556,SAeGgRAvsNDo,7852492955,SAeGgRAvsNDo@domain.com,8.54.192,7
557,LEqtAHDQaOdX,6591781220,LEqtAHDQaOdX@domain.com,184.26.152,1
558,TxENuahFsmey,1089792281,TxENuahFsmey@domain.com,105.241.194,10
559,suUfLXyOzxcf,3464844408,suUfLXyOzxcf@domain.com,76.192.101,5
560,mxPGOBwyTcdW,4412500483,mxPGOBwyTcdW@domain.com,38.204.182,2
561,raIrBtNhqubn,2316756877,raIrBtNhqubn@domain.com,161.57.35,3
562,PbwZZpHrSVZx,8758073223,PbwZZpHrSVZx@domain.com,230.221.222,8
563,GNmiEcCGIpti,1569705729,GNmiEcCGIpti@domain.com,67.92.162,5
564,JDbdoYEjIrAp,3480030196,JDbdoYEjIrAp@domain.com,164.23.189,10
565,dYBRZIgeRUar,1489744508,dYBRZIgeRUar@domain.com,139.125.9,9
566,bVDSDsnGqSVW,6706414949,bVDSDsnGqSVW@domain.com,88.250.199,1
567,EPDhpdTHUfDr,8525802610,EPDhpdTHUfDr@domain.com,31.80.235,6
568,SwKCaleCyfDY,7005559122,SwKCaleCyfDY@domain.com,218.214.140,6
569,TWAFbvQwAGhN,7596516276,TWAFbvQwAGhN@domain.com,170.191.233,2
570,xiShirXOSaTf,7851885654,xiShirXOSaTf@domain.com,122.9.49,5
571,qaffFaAPYPgQ,4200401606,qaffFaAPYPgQ@domain.com,149.139.192,6
572,FaGetnOSgRGF,8189208516,FaGetnOSgRGF@domain.com,77.59.164,7
573,gRKrkILPQpBf,5211197221,gRKrkILPQpBf@domain.com,127.12.210,6
574,qsSUatxaTSIA,6676395711,qsSUatxaTSIA@domain.com,218.124.215,9
575,woMqykrhLvSC,5878980108,woMqykrhLvSC@domain.com,239.82.127,6
576,SkljraSfytCq,4284489514,SkljraSfytCq@domain.com,154.67.197,3
577,isDOeRBtWuaf,8244935670,isDOeRBtWuaf@domain.com,113.77.48,5
578,RlrDrpnujgMF,6528292566,RlrDrpnujgMF@domain.com,35.91.170,7
579,LvBJJlDznYyA,7551382626,LvBJJlDznYyA@domain.com,168.43.32,3
580,ovJtVfzsapNg,5270028444,ovJtVfzsapNg@domain.com,0.126.128,8
581,XXMpgOHOdity,3109858015,XXMpgOHOdity@domain.com,90.239.216,9
582,wjQaOAtnSJoh,1689442992,wjQaOAtnSJoh@domain.com,253.191.196,10
583,dmXztrVccMLM,2479153424,dmXztrVccMLM@domain.com,96.164.137,4
584,SAxlVOxYLjsh,1713579253,SAxlVOxYLjsh@domain.com,236.192.123,10
585,ykxhROuDrsNr,2060215243,ykxhROuDrsNr@domain.com,197.67.106,10
586,wiaUZgshHrJE,6425969770,wiaUZgshHrJE@domain.com,13.50.55,6
587,ARbAuHmpBAmS,6618150021,ARbAuHmpBAmS@domain.com,232.221.79,7
588,MeSwffACZXvW,4325841576,MeSwffACZXvW@domain.com,94.137.223,4
589,aTPfqKwikFjc,3311774894,aTPfqKwikFjc@domain.com,33.68.108,5
590,jqZARoRJXEmO,9290991349,jqZARoRJXEmO@domain.com,179.155.122,2
591,sDpzhCcFpXBG,7939069278,sDpzhCcFpXBG@domain.com,53.77.216,6
592,UbMwbSeKksVa,3619488427,UbMwbSeKksVa@domain.com,201.13.196,10
593,CNoEkZPcpDpu,3600129620,CNoEkZPcpDpu@domain.com,39.229.105,1
594,wrluoFGrflhq,8736849161,wrluoFGrflhq@domain.com,173.101.211,7
595,jQmKslnuKRxR,1648327161,jQmKslnuKRxR@domain.com,233.126.131,8
596,oiUCjeAfYCvQ,5576769009,oiUCjeAfYCvQ@domain.com,122.0.74,6
597,uzxpHoyREdED,1722450789,uzxpHoyREdED@domain.com,170.86.67,6
598,zSXbKxgkIYvG,4952534376,zSXbKxgkIYvG@domain.com,160.165.117,2
599,EAOqUoWtmLth,5298717390,EAOqUoWtmLth@domain.com,78.54.64,7
600,yEyIzrulJnOp,6948038701,yEyIzrulJnOp@domain.com,61.35.93,1
601,sxQzSpaNDIfN,6731609466,sxQzSpaNDIfN@domain.com,28.115.180,4
602,rHSEcJCbnKaQ,3435785151,rHSEcJCbnKaQ@domain.com,221.62.156,10
603,dtBkChzZcZqZ,9181907128,dtBkChzZcZqZ@domain.com,244.129.201,8
604,MXoFzNsLTooG,9128522848,MXoFzNsLTooG@domain.com,82.54.188,6
605,tjZWephtERQd,8596031042,tjZWephtERQd@domain.com,37.158.62,5
606,SJmuSpkeDlvQ,3482110778,SJmuSpkeDlvQ@domain.com,144.105.80,5
607,gEFaFLwBLwSh,6654450870,gEFaFLwBLwSh@domain.com,2.159.137,3
608,SSgaauUGpcUZ,7849543195,SSgaauUGpcUZ@domain.com,108.177.176,6
609,QjKsFPgHcWfT,5330033008,QjKsFPgHcWfT@domain.com,205.182.115,1
610,uLSETbcwCwaz,1642783198,uLSETbcwCwaz@domain.com,61.233.25,4
611,NzjjEEVsFnMD,5580542535,NzjjEEVsFnMD@domain.com,185.19.105,1
612,PXAcDSEUVwph,4023660102,PXAcDSEUVwph@domain.com,190.226.65,7
613,QXFTSqPeaMVq,2255389099,QXFTSqPeaMVq@domain.com,43.154.208,9
614,yxWMmwLIOihA,3872657502,yxWMmwLIOihA@domain.com,96.118.85,6
615,FtVSWbXlNGKF,2853329023,FtVSWbXlNGKF@domain.com,40.156.186,8
616,ozNxVIrkvUBb,7111545387,ozNxVIrkvUBb@domain.com,20.48.252,8
617,aedyWRyfjTrH,9755972934,aedyWRyfjTrH@domain.com,163.253.116,1
618,iodSylGUpPYd,3602866470,iodSylGUpPYd@domain.com,253.18.225,9
619,RPxceHmTMTNe,4508387928,RPxceHmTMTNe@domain.com,145.46.18,1
620,RQWNPVxldwCb,8946629221,RQWNPVxldwCb@domain.com,217.123.126,1
621,MgUSfaoEzLjG,5429445966,MgUSfaoEzLjG@domain.com,242.29.8,2
622,OEhePBFvvMyq,9408254229,OEhePBFvvMyq@domain.com,188.185.29,8
623,qFprazhwSrGg,9010278702,qFprazhwSrGg@domain.com,62.44.43,8
624,hEOxyeXjYKZe,4325726583,hEOxyeXjYKZe@domain.com,150.81.37,4
625,KykpNbmDDofb,6404688260,KykpNbmDDofb@domain.com,99.203.255,8
626,XKKtEzFgIboo,6791077153,XKKtEzFgIboo@domain.com,42.201.67,3
627,JQhdnmyfrmcP,3835450981,JQhdnmyfrmcP@domain.com,150.26.21,8
628,zdXenNrDCVZV,4654780637,zdXenNrDCVZV@domain.com,69.202.154,2
629,QewRForNpNTa,2018530996,QewRForNpNTa@domain.com,70.201.28,9
630,xWpCOUEDIjMC,2939201998,xWpCOUEDIjMC@domain.com,32.10.166,4
631,NKiIFTRHCKbY,7596449610,NKiIFTRHCKbY@domain.com,246.153.134,9
632,oGBDLXZjhWEs,2220759483,oGBDLXZjhWEs@domain.com,70.208.233,1
633,NONoXNvjnMaG,4739879177,NONoXNvjnMaG@domain.com,179.18.76,9
634,bBJlkfkzaEqq,4511125267,bBJlkfkzaEqq@domain.com,49.165.190,5
635,gIxpjHegtNGd,4910212316,gIxpjHegtNGd@domain.com,47.25.167,3
636,rGOnygOTCoqB,4637663887,rGOnygOTCoqB@domain.com,239.103.104,6
637,IGpusAsXmiOy,7141110817,IGpusAsXmiOy@domain.com,0.193.168,3
638,xJmSSGYuOwFk,3163653466,xJmSSGYuOwFk@domain.com,206.188.235,9
639,onZOPontVQMg,6465265328,onZOPontVQMg@domain.com,249.33.246,5
640,VqVWTBAgAwDb,2574875049,VqVWTBAgAwDb@domain.com,4.175.96,10
641,PCBnOnRwUMfq,7431739647,PCBnOnRwUMfq@domain.com,141.131.161,4
642,FaNBqzAObexQ,7912337456,FaNBqzAObexQ@domain.com,177.255.104,9
643,QQwvHinsajPw,6605055150,QQwvHinsajPw@domain.com,65.218.16,5
644,iiapObmWZXHB,7048613648,iiapObmWZXHB@domain.com,217.126.108,10
645,MsTfgOLpzguF,1017269935,MsTfgOLpzguF@domain.com,89.128.232,6
646,YZbXgUzfxeYb,8067374002,YZbXgUzfxeYb@domain.com,4.188.201,5
647,jLFYZmvQWsXc,6425189769,jLFYZmvQWsXc@domain.com,133.233.164,8
648,JuLJOBtzeipG,3900938551,JuLJOBtzeipG@domain.com,94.10.149,6
649,nqnumQeAPLSf,6459000374,nqnumQeAPLSf@domain.com,133.130.187,5
650,wQxAdfQSIteF,5386072476,wQxAdfQSIteF@domain.com,209.229.69,9
651,bfunMmwnMuAb,2816477840,bfunMmwnMuAb@domain.com,15.31.91,9
652,GqoNlytGFWDO,1672411533,GqoNlytGFWDO@domain.com,84.146.176,5
653,WzZIeHQLxNHO,2489330823,WzZIeHQLxNHO@domain.com,44.50.100,7
654,qoyPsnBwuSTZ,4864077570,qoyPsnBwuSTZ@domain.com,46.33.111,6
655,QSljICVxRbbl,3863099326,QSljICVxRbbl@domain.com,75.151.53,8
656,GnwfmRnAbaUQ,7706340586,GnwfmRnAbaUQ@domain.com,245.105.171,10
657,MtRLBaQvLuwB,4000373161,MtRLBaQvLuwB@domain.com,54.21.88,9
658,oLVnOrACjePD,9244164136,oLVnOrACjePD@domain.com,111.179.8,3
659,UHNvOMiLDHKs,5599048051,UHNvOMiLDHKs@domain.com,181.90.64,10
660,OxyDlbgxDFhW,4851516361,OxyDlbgxDFhW@domain.com,31.145.149,7
661,ttmnRIMRGYyE,4417288353,ttmnRIMRGYyE@domain.com,100.227.12,2
662,HGGdhMIAymUK,9488440049,HGGdhMIAymUK@domain.com,137.39.243,7
663,PWQEtlvUHlHA,2313410369,PWQEtlvUHlHA@domain.com,160.166.41,2
664,ciOKDRBFqTUX,8296484496,ciOKDRBFqTUX@domain.com,71.200.232,7
665,REvKQKZPGRpb,7343794891,REvKQKZPGRpb@domain.com,209.238.13,9
666,UVejjRQHBPPq,3822101411,UVejjRQHBPPq@domain.com,238.89.86,7
667,XsgieuuJzoxV,7063282845,XsgieuuJzoxV@domain.com,178.80.38,1
668,eFWlvQMNGiIE,9468639601,eFWlvQMNGiIE@domain.com,111.206.47,10
669,jqlSUTHRyQiC,8478797744,jqlSUTHRyQiC@domain.com,60.223.116,5
670,WmhijKmyGwqL,4807525971,WmhijKmyGwqL@domain.com,245.33.237,9
671,JtDbUwUWhqgT,9388227790,JtDbUwUWhqgT@domain.com,243.190.110,10
672,OaPZueZSVJUS,8951196893,OaPZueZSVJUS@domain.com,242.26.75,8
673,QHhoqLdICeSa,7925299819,QHhoqLdICeSa@domain.com,173.105.250,3
674,GyQOIqldeBEx,7899180801,GyQOIqldeBEx@domain.com,255.89.124,3
675,XZrCrGuTCiUo,5603725983,XZrCrGuTCiUo@domain.com,225.163.4,8
676,eHuYozSnkGFR,2303108773,eHuYozSnkGFR@domain.com,252.2.156,1
677,VMYKUiEfFCrO,8617889467,VMYKUiEfFCrO@domain.com,189.221.39,6
678,esOLvCGrtJjk,3194190871,esOLvCGrtJjk@domain.com,146.31.231,10
679,MCdhrtHRcHsN,7764844090,MCdhrtHRcHsN@domain.com,146.152.90,10
680,hVRdTAonHrhJ,6320009471,hVRdTAonHrhJ@domain.com,254.101.229,5
681,kzjuWPOAgRhx,3263874161,kzjuWPOAgRhx@domain.com,153.200.79,5
682,wUvhZmjSSuiG,7359457713,wUvhZmjSSuiG@domain.com,153.211.185,6
683,HAWWthAokPdg,4196573212,HAWWthAokPdg@domain.com,27.216.64,7
684,FfpBKQPWrjae,7022300952,FfpBKQPWrjae@domain.com,184.111.15,5
685,ldBTZVBcrWxV,8570798461,ldBTZVBcrWxV@domain.com,74.183.7,8
686,tBLinWkFgiks,5315335223,tBLinWkFgiks@domain.com,125.11.130,8
687,YCsAbWMeiaHK,8037357118,YCsAbWMeiaHK@domain.com,172.94.62,1
688,IoBtJvFkPdzZ,8494510996,IoBtJvFkPdzZ@domain.com,140.34.119,10
689,vFYegOlZRjTh,7583314120,vFYegOlZRjTh@domain.com,215.140.203,8
690,TBKESbHXpuHA,6668599651,TBKESbHXpuHA@domain.com,218.20.205,8
691,jEgCQIZsOAHV,2905368662,jEgCQIZsOAHV@domain.com,113.81.80,4
692,OmrmuQrJTjjy,1882941585,OmrmuQrJTjjy@domain.com,150.178.74,10
693,MiLoLMPtjgoX,6987019076,MiLoLMPtjgoX@domain.com,228.164.11,10
694,oNBMWIjbMplq,7846267405,oNBMWIjbMplq@domain.com,99.40.220,2
695,HiQuRCuSZpaQ,8685810896,HiQuRCuSZpaQ@domain.com,40.210.15,9
696,ulKxAGTTahKX,1219489911,ulKxAGTTahKX@domain.com,197.226.37,10
697,LSDcBckOIawp,5899949714,LSDcBckOIawp@domain.com,63.193.23,8
698,BOHemROBVZzu,7055776896,BOHemROBVZzu@domain.com,230.113.183,5
699,WLqmmcuhwXOP,2356044745,WLqmmcuhwXOP@domain.com,113.181.26,5
700,zUtgmiAseABi,5732442983,zUtgmiAseABi@domain.com,187.116.244,9
701,YwTDGlhGyXld,3749848689,YwTDGlhGyXld@domain.com,201.223.195,4
702,RDneQGiZaPBz,3241970060,RDneQGiZaPBz@domain.com,170.205.103,5
703,iNKAYJGpqbjB,1669677330,iNKAYJGpqbjB@domain.com,174.162.17,3
704,QnwihgdSvrLS,4144223203,QnwihgdSvrLS@domain.com,28.14.217,2
705,sPiEMJGJnEDm,7406642443,sPiEMJGJnEDm@domain.com,156.211.96,4
706,rqYTqgaoGvuN,3551862196,rqYTqgaoGvuN@domain.com,23.196.182,9
707,OvNkZIGKnhGd,5771872647,OvNkZIGKnhGd@domain.com,167.12.44,8
708,rTqrAgqXuNDT,6754875409,rTqrAgqXuNDT@domain.com,28.82.69,5
709,fpjBkYRzQpOB,6411238123,fpjBkYRzQpOB@domain.com,172.145.98,3
710,zTgMfgLLsxgx,7669864614,zTgMfgLLsxgx@domain.com,249.182.216,7
711,cgCWAuoeVfbP,9636306251,cgCWAuoeVfbP@domain.com,209.90.209,10
712,XlgFdTpmGcSL,6485786979,XlgFdTpmGcSL@domain.com,25.162.29,1
713,xoiatAyoTDYO,7562964957,xoiatAyoTDYO@domain.com,127.181.48,1
714,ilxCtPkHweba,1599418804,ilxCtPkHweba@domain.com,37.112.141,10
715,XDqKarNFpnuT,7545452251,XDqKarNFpnuT@domain.com,221.81.42,9
716,vKiQPGvMOEdw,4265623920,vKiQPGvMOEdw@domain.com,80.157.6,1
717,PcbiQNunGAxi,9064693537,PcbiQNunGAxi@domain.com,0.244.16,9
718,mzkPRNcTMyYx,6977973763,mzkPRNcTMyYx@domain.com,146.223.109,6
719,CmKHthqvcJxi,5422373637,CmKHthqvcJxi@domain.com,104.178.49,1
720,oSekoDCHDCiG,7399214606,oSekoDCHDCiG@domain.com,164.66.7,5
721,WpiepoVDxqbU,5105181007,WpiepoVDxqbU@domain.com,252.124.134,6
722,jtLAJouVJowq,3635775626,jtLAJouVJowq@domain.com,56.158.107,4
723,FexvJgfXVkkF,8208557386,FexvJgfXVkkF@domain.com,197.12.107,8
724,DLUlPAXAjfpJ,9481026140,DLUlPAXAjfpJ@domain.com,71.148.220,7
725,HKTyXYefAdyU,5258957279,HKTyXYefAdyU@domain.com,172.111.213,6
726,lEwVUpcOIHBA,8050508100,lEwVUpcOIHBA@domain.com,22.237.69,8
727,orBUKXZnVEDZ,4741534163,orBUKXZnVEDZ@domain.com,81.72.6,10
728,ydRUIUiaqNNm,1799968383,ydRUIUiaqNNm@domain.com,207.131.151,10
729,KKzLBOYVOjkO,8068484120,KKzLBOYVOjkO@domain.com,39.179.222,10
730,aaBQwsoAiuTt,3019169652,aaBQwsoAiuTt@domain.com,101.143.213,6
731,GJdWcwSTQMyd,7964468622,GJdWcwSTQMyd@domain.com,214.132.37,7
732,uoawmFCZLamw,1904975374,uoawmFCZLamw@domain.com,142.133.74,9
733,CYVuLWUiyyIt,6040875829,CYVuLWUiyyIt@domain.com,78.214.192,1
734,LgLHQcIJMnlS,6777232764,LgLHQcIJMnlS@domain.com,49.175.139,6
735,fpDqmkvdclpc,7783777477,fpDqmkvdclpc@domain.com,165.64.204,4
736,IDJRsbndfTLq,6913371193,IDJRsbndfTLq@domain.com,202.103.233,7
737,RtRvRoQLJyIq,6282011204,RtRvRoQLJyIq@domain.com,231.92.226,10
738,cCBpWWDWsPIJ,5665735778,cCBpWWDWsPIJ@domain.com,50.94.4,1
739,rCXnrzrbuQCp,3156404429,rCXnrzrbuQCp@domain.com,153.204.202,7
740,ihTcKjthoxAz,5765536065,ihTcKjthoxAz@domain.com,25.240.116,2
741,AktgMwBDjFeX,3174483199,AktgMwBDjFeX@domain.com,253.25.215,7
742,jrWLTFrMgVLO,5513248399,jrWLTFrMgVLO@domain.com,72.170.116,9
743,QkqWWmaaWFog,5178779347,QkqWWmaaWFog@domain.com,114.31.133,6
744,caYhjwqhxfmC,5191675572,caYhjwqhxfmC@domain.com,34.18.118,6
745,vOCiuZTbTexa,5140157070,vOCiuZTbTexa@domain.com,55.150.120,2
746,EiHHapCGyXmV,2590983969,EiHHapCGyXmV@domain.com,68.86.199,3
747,FjBLzmhMZIoS,1472737160,FjBLzmhMZIoS@domain.com,0.87.213,5
748,UgJMHlQNDIcu,8869785276,UgJMHlQNDIcu@domain.com,29.67.72,7
749,THYTPizSArhO,8084634178,THYTPizSArhO@domain.com,198.190.94,8
750,WvlxYUKkSQAf,5677551631,WvlxYUKkSQAf@domain.com,182.211.61,8
751,UPgADyfMBcix,4933596832,UPgADyfMBcix@domain.com,208.146.103,9
752,BqdwpfITpoRP,1450981454,BqdwpfITpoRP@domain.com,218.192.184,1
753,HFzPshbQxtOg,3510778786,HFzPshbQxtOg@domain.com,198.245.237,2
754,TRDgrYWIyvxY,4456103115,TRDgrYWIyvxY@domain.com,226.176.241,3
755,DHBFWHRCLWPe,6117673695,DHBFWHRCLWPe@domain.com,241.161.152,5
756,kQzPzqZsdkgh,6950209424,kQzPzqZsdkgh@domain.com,172.108.144,10
757,OEFlWcSCqogQ,5816112835,OEFlWcSCqogQ@domain.com,78.47.129,3
758,GKaNrnfmwoIj,4392539293,GKaNrnfmwoIj@domain.com,163.107.22,8
759,SQTvdJDYZDLJ,5572447163,SQTvdJDYZDLJ@domain.com,95.118.178,6
760,jESJqCddlYVC,4009877018,jESJqCddlYVC@domain.com,73.89.124,1
761,rYSUhEPKmTGZ,4240547580,rYSUhEPKmTGZ@domain.com,221.220.132,6
762,GGFZwVIcfHTr,6278722453,GGFZwVIcfHTr@domain.com,7.138.40,3
763,ueVSBVJsyAiw,5435422857,ueVSBVJsyAiw@domain.com,249.37.80,9
764,NthKwhChErkj,7546115114,NthKwhChErkj@domain.com,89.53.28,5
765,iGzkLpUovULI,8480429700,iGzkLpUovULI@domain.com,209.102.114,6
766,DOEvUVcITjVY,4316965800,DOEvUVcITjVY@domain.com,130.134.170,7
767,KRkkwgHdBYoX,9750212905,KRkkwgHdBYoX@domain.com,203.120.73,9
768,VoTvFZevEDyr,8657400368,VoTvFZevEDyr@domain.com,235.159.241,9
769,jTulpWQpaUXp,6489779151,jTulpWQpaUXp@domain.com,38.21.237,8
770,ZCHnFHdvijeR,2703836660,ZCHnFHdvijeR@domain.com,85.101.201,10
771,tSIbjqyxMNLJ,8927109770,tSIbjqyxMNLJ@domain.com,143.133.234,9
772,mClXOdTFrACt,3230242106,mClXOdTFrACt@domain.com,251.237.240,8
773,WYQuSrkzNerT,1666407283,WYQuSrkzNerT@domain.com,162.215.250,9
774,lZKIZLUoICJg,7583982850,lZKIZLUoICJg@domain.com,80.108.76,9
775,dVrLgJEpObks,5433129460,dVrLgJEpObks@domain.com,44.87.14,7
776,iuulDbxeCoMS,5065155851,iuulDbxeCoMS@domain.com,23.242.130,9
777,riQNiquJOlOf,4852318358,riQNiquJOlOf@domain.com,227.185.230,8
778,QFZvBpKQIvph,1429038207,QFZvBpKQIvph@domain.com,100.80.17,10
779,EZCNZYBRazet,1209846400,EZCNZYBRazet@domain.com,233.241.213,10
780,WunrGeiBmHnU,9368921030,WunrGeiBmHnU@domain.com,181.104.209,3
781,QndvHyDOMDxW,1402894893,QndvHyDOMDxW@domain.com,147.129.45,2
782,OypIqzVqesgA,2192963282,OypIqzVqesgA@domain.com,12.38.52,1
783,DkHGIkRDULey,2332633854,DkHGIkRDULey@domain.com,135.36.214,3
784,OdyMDYaFCddc,9075207055,OdyMDYaFCddc@domain.com,77.124.185,3
785,LpjwgMtyshye,7049517070,LpjwgMtyshye@domain.com,227.53.237,5
786,WipADOESCPrl,5844306098,WipADOESCPrl@domain.com,43.95.59,5
787,BJJGcDerxLeQ,7383582339,BJJGcDerxLeQ@domain.com,85.32.85,9
788,AwXawPnIEhKH,7566923598,AwXawPnIEhKH@domain.com,23.124.13,10
789,QpDQZyxzFGjK,6225787514,QpDQZyxzFGjK@domain.com,82.106.22,4
790,wvCghgPqCDtk,5129881286,wvCghgPqCDtk@domain.com,26.235.132,9
791,JKKFFCDYaXUl,7055892686,JKKFFCDYaXUl@domain.com,20.59.9,2
792,CwlPunXTkikN,8224241383,CwlPunXTkikN@domain.com,230.247.133,1
793,WHpQlciDAyWJ,6591513267,WHpQlciDAyWJ@domain.com,34.167.213,2
794,gSiJPhJcCVLA,4668412680,gSiJPhJcCVLA@domain.com,45.33.227,7
795,pvlqXLcuryEO,5733428011,pvlqXLcuryEO@domain.com,211.20.238,10
796,nJZWpcUVrger,1239734090,nJZWpcUVrger@domain.com,37.85.42,10
797,bYaYoBgrJkcF,1864032244,bYaYoBgrJkcF@domain.com,159.113.213,4
798,DfiPrYZABxEw,8635171676,DfiPrYZABxEw@domain.com,195.185.88,3
799,IYhGtzTEbaSZ,1094255322,IYhGtzTEbaSZ@domain.com,77.75.227,8
800,WtAIUMgqjGlQ,7704066576,WtAIUMgqjGlQ@domain.com,155.120.23,6
801,gwqUWOshvAOP,2042992402,gwqUWOshvAOP@domain.com,33.63.209,3
802,PAdDKPDXBtjm,2058147269,PAdDKPDXBtjm@domain.com,33.173.102,3
803,YTIdFRpAUUuH,4497363620,YTIdFRpAUUuH@domain.com,238.116.29,8
804,JBfrkYXfulqx,8483379430,JBfrkYXfulqx@domain.com,22.246.232,3
805,sUPeRSkjuglp,3131795899,sUPeRSkjuglp@domain.com,146.223.57,8
806,NLYKbrxuyFQj,7895698874,NLYKbrxuyFQj@domain.com,52.248.93,8
807,IMTrNsOVzLjx,3040633083,IMTrNsOVzLjx@domain.com,41.36.108,4
808,nxdDvTlpyfEm,5605364096,nxdDvTlpyfEm@domain.com,99.148.88,4
809,gGvguFDcHdNw,9719334388,gGvguFDcHdNw@domain.com,81.67.183,3
810,opeqZeSEKMMC,4178246438,opeqZeSEKMMC@domain.com,178.186.74,6
811,rwdnWppWmlWf,3775487422,rwdnWppWmlWf@domain.com,99.170.183,5
812,BSqIAanSttIu,8323070516,BSqIAanSttIu@domain.com,201.80.64,1
813,lpYdpZIjbMqQ,2410946465,lpYdpZIjbMqQ@domain.com,160.104.111,1
814,avoWkfadrlRy,2454544052,avoWkfadrlRy@domain.com,101.184.0,9
815,QOUVrvzPTjZr,5634449554,QOUVrvzPTjZr@domain.com,61.206.119,4
816,yoMTnrauMzrH,9689936782,yoMTnrauMzrH@domain.com,156.102.77,6
817,EtjqbFtxvYXx,2236249213,EtjqbFtxvYXx@domain.com,148.73.76,3
818,uKzSXCUIzIae,2168690409,uKzSXCUIzIae@domain.com,199.163.61,4
819,RhiBiVJFvnOF,5955299678,RhiBiVJFvnOF@domain.com,28.104.57,2
820,jZFCHZsxCszL,2825366486,jZFCHZsxCszL@domain.com,177.138.10,2
821,tENwGoykhpcM,7288864420,tENwGoykhpcM@domain.com,18.43.197,3
822,guvkgeGdGULB,6051376219,guvkgeGdGULB@domain.com,134.200.232,10
823,AnBuyktOiWWn,3757508452,AnBuyktOiWWn@domain.com,189.76.69,3
824,oZKhbOkSewsE,3573536641,oZKhbOkSewsE@domain.com,176.235.150,6
825,zBYDyyvXvrsG,5962960258,zBYDyyvXvrsG@domain.com,135.109.180,6
826,yXBzNzpUNxJu,7354290562,yXBzNzpUNxJu@domain.com,242.37.179,2
827,WwqMAdGryLDn,1086321822,WwqMAdGryLDn@domain.com,43.169.240,2
828,XoyeQggNzTNT,6627650424,XoyeQggNzTNT@domain.com,227.10.20,10
829,iQHaaLRrtrUO,5385496039,iQHaaLRrtrUO@domain.com,114.161.25,6
830,JjoqcmHWFAQD,7814557070,JjoqcmHWFAQD@domain.com,103.2.69,1
831,DfDaHdeptttE,9700367454,DfDaHdeptttE@domain.com,107.73.52,7
832,HuXpLGAvWYuT,2846989464,HuXpLGAvWYuT@domain.com,140.173.238,6
833,iKDXgdmShqsc,9839785103,iKDXgdmShqsc@domain.com,242.219.199,2
834,TehujDqTJsjD,1192985793,TehujDqTJsjD@domain.com,209.167.139,8
835,IUuYFiBJwTKp,6257654312,IUuYFiBJwTKp@domain.com,127.240.231,8
836,ahSMTmIYgMbm,5757916815,ahSMTmIYgMbm@domain.com,69.34.73,5
837,MvUIUizgwYCF,4519551054,MvUIUizgwYCF@domain.com,152.124.26,9
838,GMVtdwwwboHF,1454681857,GMVtdwwwboHF@domain.com,95.138.126,5
839,kCPXmzXZCPmQ,6776448550,kCPXmzXZCPmQ@domain.com,161.77.216,6
840,wwMPwmmtetYC,5526868855,wwMPwmmtetYC@domain.com,171.135.128,6
841,SAXfdrbegiDv,3393421327,SAXfdrbegiDv@domain.com,128.175.190,3
842,MATXfEwNnGWz,6738684088,MATXfEwNnGWz@domain.com,200.119.157,8
843,ghUQnhTACQJS,5791818267,ghUQnhTACQJS@domain.com,213.4.172,3
844,gHhFlnyfEFfa,8936594815,gHhFlnyfEFfa@domain.com,20.190.160,8
845,eMLjwsCDuUeV,3749914715,eMLjwsCDuUeV@domain.com,160.200.115,10
846,izQvfzpKUvNw,4292551843,izQvfzpKUvNw@domain.com,229.94.252,10
847,SnNtkyHknXBx,1485993486,SnNtkyHknXBx@domain.com,141.24.85,6
848,YUQkUokMcAAi,7849913989,YUQkUokMcAAi@domain.com,118.118.128,8
849,sPmBzYjSnHPC,6346567823,sPmBzYjSnHPC@domain.com,143.140.188,4
850,HgsRKPVQhdgB,1985765458,HgsRKPVQhdgB@domain.com,132.223.233,3
851,mJkjSROozugt,5210816176,mJkjSROozugt@domain.com,54.54.148,10
852,SAEXqksVXoXK,5450426980,SAEXqksVXoXK@domain.com,205.0.247,10
853,cCKAhXkheUUC,7496782686,cCKAhXkheUUC@domain.com,69.120.112,5
854,cAxlHhxBZyMg,4972428911,cAxlHhxBZyMg@domain.com,197.181.134,3
855,kxXSwhpJYuSI,3012834728,kxXSwhpJYuSI@domain.com,32.5.141,6
856,TewKfqzUvmUL,4571314820,TewKfqzUvmUL@domain.com,13.90.28,8
857,yjZrGkvPshBJ,7087534300,yjZrGkvPshBJ@domain.com,202.238.183,2
858,txtmjEBpMLMR,1378171170,txtmjEBpMLMR@domain.com,114.23.244,4
859,xFtqqTvCSrEf,1724798568,xFtqqTvCSrEf@domain.com,56.207.23,6
860,scOPubvsHZxQ,4925016952,scOPubvsHZxQ@domain.com,178.219.196,6
861,JkclafmwglGR,2387073333,JkclafmwglGR@domain.com,7.4.212,9
862,JUPWnNRGXvUS,5199271837,JUPWnNRGXvUS@domain.com,14.174.137,7
863,JoRWnwWKpKxG,1218576135,JoRWnwWKpKxG@domain.com,182.193.241,1
864,tNEXBXLboDnY,8800861975,tNEXBXLboDnY@domain.com,96.33.92,7
865,JWjSfoulpujV,6224087043,JWjSfoulpujV@domain.com,146.101.50,6
866,wglKQfRwwFqM,4671022461,wglKQfRwwFqM@domain.com,17.43.114,8
867,qloSxOgStGjO,4730188920,qloSxOgStGjO@domain.com,209.178.135,5
868,kCVokCkpwmMI,8637006848,kCVokCkpwmMI@domain.com,109.110.61,8
869,rcnvbBMKFXdW,4846921413,rcnvbBMKFXdW@domain.com,20.241.119,2
870,xnmKlXRERRXg,4644622486,xnmKlXRERRXg@domain.com,199.209.228,6
871,LhlhiDqhNaXl,5917930752,LhlhiDqhNaXl@domain.com,16.126.159,8
872,GwnrhxVEEDWi,2155845905,GwnrhxVEEDWi@domain.com,79.51.214,5
873,MEaEzHQBBWdN,7815986488,MEaEzHQBBWdN@domain.com,253.81.223,10
874,uIpgRlaWXFNh,8111211647,uIpgRlaWXFNh@domain.com,222.247.142,2
875,fwHbOQAASKSh,2233518781,fwHbOQAASKSh@domain.com,138.198.150,4
876,zqMaeHqtQpWt,6368384644,zqMaeHqtQpWt@domain.com,159.56.9,3
877,xpQaGnCAjoAC,7620478285,xpQaGnCAjoAC@domain.com,1.227.127,4
878,snbFqwqdAkIA,3801054477,snbFqwqdAkIA@domain.com,66.169.186,3
879,tmKIgcQwzxoS,1821896189,tmKIgcQwzxoS@domain.com,222.214.172,10
880,OofqUCSJapZA,9038404363,OofqUCSJapZA@domain.com,171.105.25,10
881,ypwCcMWoLsZZ,6524463671,ypwCcMWoLsZZ@domain.com,76.165.49,1
882,rsOAaEbKWbgP,1704130761,rsOAaEbKWbgP@domain.com,107.134.178,7
883,jexYZSOVbzqS,7694221575,jexYZSOVbzqS@domain.com,3.182.120,6
884,YguOebfZZDWy,3198358611,YguOebfZZDWy@domain.com,71.45.11,3
885,oGkJVnzItbsX,6011379515,oGkJVnzItbsX@domain.com,106.115.217,6
886,GmEfddOySHsM,4341531568,GmEfddOySHsM@domain.com,57.32.170,3
887,yhNijGXRKSZF,9548926492,yhNijGXRKSZF@domain.com,55.39.89,3
888,JTXfjvCGgbQu,9023711255,JTXfjvCGgbQu@domain.com,149.239.220,3
889,kbyHoaMBLpKg,3424489259,kbyHoaMBLpKg@domain.com,159.175.84,2
890,ltFCfoFMbhyf,1506090970,ltFCfoFMbhyf@domain.com,32.125.242,7
891,lrkDCfkeKVbB,8808087203,lrkDCfkeKVbB@domain.com,217.173.186,6
892,YAPLrhqHsXCC,3888388665,YAPLrhqHsXCC@domain.com,190.49.184,4
893,EhunIEwRHXhH,2891271374,EhunIEwRHXhH@domain.com,102.135.205,5
894,GroCymxAMDsz,8573037453,GroCymxAMDsz@domain.com,129.242.127,10
895,whzfwpnkqvtO,1033626825,whzfwpnkqvtO@domain.com,18.77.213,10
896,MMVBWVolbbro,9859284678,MMVBWVolbbro@domain.com,116.172.69,4
897,TLyJRCEnutyT,5153641437,TLyJRCEnutyT@domain.com,250.219.67,10
898,rZLjxZbiKWLr,8593438552,rZLjxZbiKWLr@domain.com,141.87.88,3
899,vNYHgfAhijTe,6343109209,vNYHgfAhijTe@domain.com,19.200.210,8
900,xoniAmdRopRx,9133702142,xoniAmdRopRx@domain.com,43.81.166,8
901,cjpthHDRzxkp,3906931411,cjpthHDRzxkp@domain.com,49.15.185,8
902,sTlJUAWogdJu,4115272427,sTlJUAWogdJu@domain.com,203.33.102,10
903,LpncTgzsjTXY,2776714138,LpncTgzsjTXY@domain.com,84.121.179,1
904,lbpQZyJHOoMN,2152436291,lbpQZyJHOoMN@domain.com,206.83.165,3
905,rGSMZKWxAYlH,6242593673,rGSMZKWxAYlH@domain.com,70.254.94,8
906,BLuLNIDOMAKu,7393845751,BLuLNIDOMAKu@domain.com,251.169.223,3
907,ClgfBzOtonpi,4595156240,ClgfBzOtonpi@domain.com,145.2.21,6
908,CibfYUfKBpGW,4262462947,CibfYUfKBpGW@domain.com,245.67.51,6
909,RodJDGrjIUTw,7545298413,RodJDGrjIUTw@domain.com,36.127.172,6
910,ubhJcGwXJsMt,4245207522,ubhJcGwXJsMt@domain.com,40.37.241,1
911,vzdQDWfJYxSO,3831674445,vzdQDWfJYxSO@domain.com,181.152.214,1
912,hMGeVxIGlViS,2208053943,hMGeVxIGlViS@domain.com,151.75.25,6
913,QIumTWQqOJqa,7768668104,QIumTWQqOJqa@domain.com,144.88.228,4
914,rKEMzmsGEFwI,8024616316,rKEMzmsGEFwI@domain.com,189.81.250,5
915,EtszPPPybKAT,9205288592,EtszPPPybKAT@domain.com,8.50.178,7
916,foPtSfXSltYI,3103326873,foPtSfXSltYI@domain.com,21.44.70,9
917,qmhRjLbFpXSU,3931751067,qmhRjLbFpXSU@domain.com,34.183.217,10
918,HJSIEGhWSDTd,7751322138,HJSIEGhWSDTd@domain.com,130.155.113,7
919,EeRuSZiQnpTq,4494489989,EeRuSZiQnpTq@domain.com,83.240.227,9
920,hBJLSphGtMIk,2712169735,hBJLSphGtMIk@domain.com,32.119.161,8
921,jixdSFBPxGCG,4204249074,jixdSFBPxGCG@domain.com,35.96.61,4
922,eceGrimQGPcb,8088783917,eceGrimQGPcb@domain.com,233.117.104,7
923,WFMUcoeqnzpH,7146556936,WFMUcoeqnzpH@domain.com,124.183.153,8
924,QuoZYbXxvdgY,3668527741,QuoZYbXxvdgY@domain.com,26.159.138,1
925,pROMFbgVmQTZ,6683151220,pROMFbgVmQTZ@domain.com,93.98.88,6
926,RGObxSZUPDwy,2191700705,RGObxSZUPDwy@domain.com,5.162.101,6
927,iiGQOObomXEl,9420547691,iiGQOObomXEl@domain.com,164.111.43,2
928,gTILZDZarEoF,6705504682,gTILZDZarEoF@domain.com,199.19.236,5
929,DntCnhjlNGgA,1693416715,DntCnhjlNGgA@domain.com,2.110.223,2
930,kQloSSGcdyPu,8383684927,kQloSSGcdyPu@domain.com,98.215.56,1
931,SUQAVeQKQPEF,8603517529,SUQAVeQKQPEF@domain.com,49.107.227,6
932,YvLKNdLHClGE,2220766179,YvLKNdLHClGE@domain.com,127.156.222,8
933,FjmhlPWERNGr,1094140285,FjmhlPWERNGr@domain.com,211.200.190,2
934,ZsEPobQomfeZ,2568564216,ZsEPobQomfeZ@domain.com,34.176.44,1
935,gEWIKduieDxv,3281763088,gEWIKduieDxv@domain.com,65.106.227,7
936,kzqrsiZJiyin,6761757714,kzqrsiZJiyin@domain.com,43.220.14,10
937,ADOKNMavDoxZ,5831828903,ADOKNMavDoxZ@domain.com,122.4.231,2
938,xKvwOwzzHStf,1154497715,xKvwOwzzHStf@domain.com,35.193.209,6
939,rMXTeQfAsIER,4797370879,rMXTeQfAsIER@domain.com,32.177.5,4
940,WepQBSxQvGFk,5717806390,WepQBSxQvGFk@domain.com,47.235.171,4
941,lzJaXsyDftyv,4057455878,lzJaXsyDftyv@domain.com,240.192.163,5
942,uCBPhDyqigEF,3080284508,uCBPhDyqigEF@domain.com,55.94.94,1
943,mpzdqJnvIZxJ,6742556365,mpzdqJnvIZxJ@domain.com,47.25.105,5
944,ycPUwzoqQuUM,7612816435,ycPUwzoqQuUM@domain.com,151.142.92,10
945,jmKkQAZlXiPh,7531536257,jmKkQAZlXiPh@domain.com,218.108.70,5
946,RGZirHNAoOZe,8260560847,RGZirHNAoOZe@domain.com,181.118.197,10
947,jiWMYjKGZKxD,3062719528,jiWMYjKGZKxD@domain.com,156.164.126,9
948,wYtDDvVrRrAp,6561556044,wYtDDvVrRrAp@domain.com,250.31.16,10
949,fWlCEHUTfFJF,2586469893,fWlCEHUTfFJF@domain.com,133.86.247,8
950,CevIBkLBriUE,3218884272,CevIBkLBriUE@domain.com,34.211.249,6
951,GCboWPmwpNpA,5544555289,GCboWPmwpNpA@domain.com,97.23.43,9
952,wXMgOumRmiVE,2770497081,wXMgOumRmiVE@domain.com,137.116.126,9
953,zvMUUuRFgYlD,9905712009,zvMUUuRFgYlD@domain.com,206.10.121,5
954,qTCdgvJaRGNa,1654939113,qTCdgvJaRGNa@domain.com,130.156.111,5
955,emYOmLtIvmlY,6141288615,emYOmLtIvmlY@domain.com,38.209.67,6
956,ZmfAqfwggcOz,7120497377,ZmfAqfwggcOz@domain.com,51.225.171,4
957,jvvSdJbggHpd,6450632861,jvvSdJbggHpd@domain.com,205.44.213,10
958,PCPjjiaxTaRk,3534525308,PCPjjiaxTaRk@domain.com,74.135.110,10
959,DjteMezVYNle,4853791824,DjteMezVYNle@domain.com,231.159.213,1
960,WGukwOMabbjp,5308214024,WGukwOMabbjp@domain.com,110.231.171,9
961,ZqQjUPzcJsDs,9296997042,ZqQjUPzcJsDs@domain.com,230.26.85,1
962,xplZGLwawhLp,7200153087,xplZGLwawhLp@domain.com,77.122.205,10
963,sgHNOkhAVXVD,3782098343,sgHNOkhAVXVD@domain.com,255.216.117,6
964,bbBbkFfJUEhZ,8944730580,bbBbkFfJUEhZ@domain.com,12.49.189,9
965,yPYtWGKXADPc,5826594942,yPYtWGKXADPc@domain.com,242.111.8,10
966,MtJLwWXhkjNx,9410519669,MtJLwWXhkjNx@domain.com,236.52.160,8
967,ccQeKOIcBlBm,7872331850,ccQeKOIcBlBm@domain.com,56.201.115,4
968,RtQjyUmSaZIJ,8034931388,RtQjyUmSaZIJ@domain.com,136.135.7,6
969,FbaRvCZOofkO,9624308912,FbaRvCZOofkO@domain.com,72.117.47,4
970,YurhgqjZOXma,7131599626,YurhgqjZOXma@domain.com,180.130.208,6
971,hIusFNppoOiy,2077141870,hIusFNppoOiy@domain.com,198.34.181,4
972,AzsiVXVqTyPU,2218612136,AzsiVXVqTyPU@domain.com,228.145.69,5
973,IarNIthsHLPt,6631229217,IarNIthsHLPt@domain.com,210.50.176,8
974,xwoFmSHrnWWR,3220332517,xwoFmSHrnWWR@domain.com,174.191.118,3
975,PRJJxBmpbtGS,7315426363,PRJJxBmpbtGS@domain.com,95.219.148,10
976,RWySLCValrNv,9300300466,RWySLCValrNv@domain.com,161.88.227,2
977,hPnZaIKNgXXi,3696661053,hPnZaIKNgXXi@domain.com,225.203.11,4
978,htyIENfFZKcc,9935127796,htyIENfFZKcc@domain.com,208.112.151,5
979,aTkpiCxVHxHC,8499842872,aTkpiCxVHxHC@domain.com,30.204.59,6
980,uBFUrnmUJRwx,6177946950,uBFUrnmUJRwx@domain.com,123.77.4,1
981,OJIHQtpagjDh,2318402879,OJIHQtpagjDh@domain.com,15.57.187,8
982,DRGPdECXYFkY,8061314268,DRGPdECXYFkY@domain.com,111.125.4,8
983,ZJVTutcQHvXY,8480918410,ZJVTutcQHvXY@domain.com,134.11.159,3
984,AUhnXpsFbcQg,1631719882,AUhnXpsFbcQg@domain.com,240.116.158,10
985,jwTuksovmaFa,8655163187,jwTuksovmaFa@domain.com,250.148.37,7
986,BcGDeoGghnrD,2559413089,BcGDeoGghnrD@domain.com,219.162.55,2
987,IcesTUiMWykJ,9730158086,IcesTUiMWykJ@domain.com,21.44.234,3
988,kZxdCrMDDLNB,8755893570,kZxdCrMDDLNB@domain.com,97.31.11,9
989,SAaZayOILTcF,3997637204,SAaZayOILTcF@domain.com,97.218.162,9
990,udAsmIBAIfkl,8033708260,udAsmIBAIfkl@domain.com,123.238.74,4
991,GRcNQjgusche,1817972037,GRcNQjgusche@domain.com,58.231.128,3
992,BTnuZZXCWySZ,8122071151,BTnuZZXCWySZ@domain.com,119.233.46,10
993,VEqGpHMAPdZv,4596364170,VEqGpHMAPdZv@domain.com,99.111.21,6
994,NYxYettyaWRg,8657124385,NYxYettyaWRg@domain.com,249.173.12,8
995,MSAtUXzQRqKe,5352419824,MSAtUXzQRqKe@domain.com,179.134.203,2
996,PJPtjaPvIcvR,8151566830,PJPtjaPvIcvR@domain.com,100.183.149,10
997,PeHMTDwmzMJC,9549481093,PeHMTDwmzMJC@domain.com,138.1.177,2
998,TfKXFtWXobpm,4357033410,TfKXFtWXobpm@domain.com,221.9.160,9
999,cRZWLCHfupGY,3948839768,cRZWLCHfupGY@domain.com,111.237.29,1
